ID,Household income,Method,education,Household size,Rainfall,Ave temp,Travel time,Amount spent,Availability,Quality,Willingness to pay,Kitchen Sink,ToiletWC,Garden,car,Volume in lpcd,Shortest distance,Height diff
1,100000,carried,2,4,0,75,25,9000,often,good,8000,0,0,0,0,90,136.01,4
2,50000,delivered,2,4,0,75,55,5000,often,good,4000,0,0,0,0,50,349.69,2
3,85000,delivered,1,3,0,75,25,9000,not_often,good,11000,0,0,0,0,120,335.43,7
4,80000,delivered,1,5,0,75,35,5000,often,fair,4000,0,0,0,0,50,310.44,2
5,75000,delivered,1,4,0,75,30,8000,often,fair,7000,0,0,0,0,80,276.74,0
6,50000,carried,2,4,0,75,45,5000,often,good,4000,0,0,0,0,50,224.96,2
7,75000,carried,1,4,0,75,30,8000,not_often,fair,7000,0,0,0,0,80,167.03,4
8,75000,carried,1,6,0,75,25,6000,not_often,good,9000,0,0,0,0,60,122.1,3
9,75000,carried,1,6,0,75,30,5000,not_often,fair,4000,0,0,0,0,50,107.42,3
10,75000,carried,1,6,0,75,25,6000,often,fair,9000,0,0,0,0,60,151.09,3
11,75000,carried,2,3,0,75,25,9000,not_often,good,11000,0,0,0,0,120,249,1
12,75000,carried,1,6,0,75,25,6000,not_often,good,9000,0,0,0,0,60,290,8
13,75000,carried,1,3,0,75,35,8000,not_often,fair,7000,0,0,0,0,80,266.37,6
14,75000,delivered,1,5,0,75,40,5000,not_often,fair,4000,0,0,0,0,50,238.1,3
15,75000,carried,2,4,0,75,60,4000,often,fair,3000,0,0,0,0,40,203.82,0
16,75000,carried,1,4,0,75,30,8000,often,fair,7000,0,0,0,0,80,156.35,2
17,75000,carried,1,3,0,75,40,8000,often,fair,7000,0,0,0,0,80,104.85,2
18,45000,carried,3,5,0,75,40,5000,often,fair,4000,0,0,0,0,50,76.55,1
19,40000,carried,1,4,0,75,60,4000,not_often,good,3000,0,0,0,0,40,52.61,2
20,105000,carried,2,3,0,75,25,9000,often,good,11000,0,0,0,0,120,126.21,1
21,100000,carried,1,6,0,75,25,6000,not_often,fair,9000,0,0,0,0,60,189.99,0
22,105000,delivered,1,6,0,75,25,6000,not_often,fair,9000,0,0,0,0,60,251.53,7
23,50000,delivered,1,4,0,75,55,5000,often,fair,4000,0,0,0,0,50,240.93,7
24,45000,delivered,1,3,0,75,40,8000,often,good,7000,0,0,0,0,80,207.39,5
25,65000,carried,1,5,0,75,35,5000,often,fair,4000,0,0,0,0,50,182.72,2
26,50000,carried,1,3,0,75,40,8000,not_often,good,7000,0,0,0,0,80,112.16,0
27,105000,carried,1,3,0,75,25,9000,not_often,good,11000,0,0,0,0,120,56.3,1
28,40000,carried,1,4,0,75,60,4000,not_often,fair,3000,0,0,0,0,40,30.41,1
29,40000,carried,1,3,0,75,40,8000,often,good,7000,0,0,0,0,80,74.43,2
30,40000,carried,1,4,0,75,60,4000,not_often,good,3000,0,0,0,0,40,141.01,2
31,40000,carried,1,4,0,75,60,4000,often,fair,3000,0,0,0,0,40,144.28,3
32,40000,delivered,1,4,0,75,30,3000,often,good,7000,0,0,0,0,30,167.93,5
33,40000,carried,2,4,0,75,30,6000,not_often,good,7000,0,0,0,0,60,67.2,4
34,40000,delivered,1,3,0,75,25,9000,often,good,12000,0,0,0,0,90,93.52,5
35,40000,delivered,1,4,0,75,60,4000,often,fair,3000,0,0,0,1,40,102.07,5
36,40000,delivered,1,5,0,75,40,4000,not_often,good,4000,0,0,0,0,40,60.88,2
37,40000,carried,1,3,0,75,25,7000,not_often,good,11000,0,0,0,0,70,87,0
38,40000,delivered,1,4,0,75,30,5000,not_often,fair,7000,0,0,0,0,50,92.91,3
39,100000,delivered,2,4,0,75,30,4000,often,good,7000,0,0,0,0,40,126.53,3
40,60000,delivered,1,3,0,75,40,4000,often,good,7000,0,0,0,0,40,167.06,6
41,45000,delivered,1,3,0,75,35,3000,often,fair,7000,0,0,0,0,30,206.46,6
42,60000,delivered,1,3,0,75,40,3000,not_often,fair,7000,0,0,0,0,30,193.83,6
43,40000,delivered,1,4,0,75,60,3000,often,good,3000,0,0,0,0,30,188.4,4
44,60000,delivered,2,3,0,75,35,4000,not_often,good,7000,0,0,0,0,40,139.45,4
45,65000,carried,2,4,0,75,30,6000,not_often,fair,7000,0,0,0,0,60,74.4,3
46,100000,carried,2,4,0,75,25,9000,not_often,fair,9000,0,0,0,0,100,35.36,1
47,70000,carried,1,5,0,75,40,8000,often,fair,4000,0,0,0,0,80,51.62,1
48,100000,carried,1,6,0,75,25,4000,often,good,9000,0,0,0,0,40,90.8,1
49,85000,delivered,1,6,0,75,25,2000,not_often,fair,9000,0,0,0,0,20,136.56,2
50,100000,delivered,1,6,0,75,25,2000,not_often,fair,9000,0,0,0,0,20,150.72,4
51,90000,delivered,1,6,0,75,25,3000,often,fair,9000,0,0,0,0,30,102.08,1
52,105000,delivered,1,6,0,75,25,3000,often,good,9000,0,0,0,0,30,114.39,3
53,75000,delivered,1,4,0,75,30,4000,often,fair,7000,0,0,0,0,40,139.29,4
54,75000,delivered,1,4,0,75,45,3000,not_often,good,4000,0,0,0,0,30,188.53,3
55,75000,delivered,1,6,0,75,25,2000,not_often,fair,9000,0,0,0,0,20,189.11,3
56,75000,delivered,1,4,0,75,30,3000,not_often,good,7000,0,0,0,0,30,151.82,3
57,75000,delivered,1,5,0,75,40,4000,not_often,fair,4000,0,0,0,0,40,98.27,3
58,75000,carried,2,3,0,75,25,8000,often,fair,11000,0,0,0,0,80,66.1,3
59,75000,delivered,1,3,0,75,40,9000,often,fair,8000,0,0,0,0,90,54.04,2
60,75000,carried,1,3,0,75,35,9000,often,fair,7000,0,0,0,0,100,37.12,1
61,80000,delivered,1,4,0,75,30,6000,often,good,7000,0,0,0,0,60,77.16,2
62,40000,delivered,1,4,0,75,60,5000,not_often,good,3000,0,0,0,0,50,118.44,2
63,75000,delivered,1,4,0,75,30,3000,not_often,very good,7000,0,0,0,0,30,176.82,3
64,40000,delivered,1,4,0,75,55,2000,not_often,very good,4000,0,0,0,0,20,235.36,6
65,45000,delivered,2,3,0,75,40,2000,often,very good,7000,0,0,0,0,20,254.87,7
66,90000,delivered,2,6,0,75,25,1000,often,good,9000,0,0,0,0,10,296.1,9
67,50000,carried,1,4,0,75,55,3000,often,good,4000,0,0,0,0,30,207.2,5
68,60000,carried,1,3,0,75,40,3000,often,good,7000,0,0,0,0,30,238.32,6
69,60000,delivered,1,4,0,75,55,3000,often,good,4000,0,0,0,0,30,197.28,5
70,60000,delivered,1,6,0,75,25,1000,often,good,9000,0,0,0,0,10,228.64,6
71,60000,delivered,1,4,0,75,60,1000,not_often,fair,3000,0,0,0,0,10,237.98,6
72,60000,delivered,1,5,0,75,40,2000,not_often,fair,4000,0,0,0,0,20,197.31,5
73,60000,delivered,1,3,0,75,40,4000,often,fair,7000,0,0,0,0,40,209.4,5
74,60000,delivered,1,4,0,75,30,2000,often,fair,7000,0,0,0,0,20,261.01,6
75,65000,delivered,1,5,0,75,40,2000,often,good,4000,0,0,0,0,20,234.85,6
76,70000,delivered,1,4,0,75,30,2000,not_often,good,7000,0,0,0,0,20,281.32,4
77,40000,delivered,2,4,0,75,60,1000,not_often,fair,3000,0,0,0,0,10,344.41,0
78,45000,delivered,1,3,0,75,40,2000,not_often,good,7000,0,0,0,0,20,315.41,1
79,95000,delivered,1,6,0,75,25,1000,often,fair,9000,0,0,0,0,10,347.59,2
80,105000,delivered,1,4,0,75,25,1000,often,good,8000,0,0,0,0,10,372.86,3
81,75000,delivered,1,6,0,75,25,1000,not_often,good,9000,0,0,0,0,10,408.79,5
82,60000,delivered,2,3,0,75,40,2000,often,fair,7000,0,0,0,0,20,389.42,4
83,105000,delivered,1,3,0,75,25,2000,often,good,11000,0,0,0,0,20,415.88,8
84,95000,delivered,3,6,0,75,25,1000,not_often,fair,9000,0,0,0,0,10,465.97,15
85,80000,delivered,1,4,0,75,30,2000,not_often,fair,7000,0,0,0,0,20,491.23,11
86,45000,delivered,1,3,0,75,40,3000,not_often,fair,7000,0,0,0,0,30,434.01,4
87,60000,delivered,1,3,0,75,35,3000,often,good,7000,0,0,0,0,30,491.92,3
88,85000,delivered,1,6,0,75,25,1000,often,good,9000,0,0,0,0,10,422.2,3
89,45000,delivered,2,3,0,75,40,4000,often,fair,7000,0,0,0,0,40,349.23,8
90,45000,delivered,1,3,0,75,40,4000,not_often,good,7000,0,0,0,0,40,326.96,10
91,45000,delivered,1,4,0,75,55,5000,not_often,good,4000,0,0,0,0,50,297.43,7
92,45000,delivered,1,4,0,75,60,4000,not_often,good,3000,0,0,0,0,40,345.24,11
93,45000,delivered,1,6,0,75,25,2000,not_often,fair,9000,0,0,0,0,20,318.68,10
94,45000,delivered,1,6,0,75,25,2000,often,fair,9000,0,0,0,0,20,292.31,9
95,45000,delivered,2,6,0,75,25,2000,not_often,very good,9000,0,0,0,0,20,320.98,10
96,45000,delivered,2,3,0,75,25,4000,not_often,very good,12000,0,0,0,0,40,359.9,16
97,45000,delivered,1,4,0,75,60,3000,often,very good,3000,0,0,0,0,30,322.58,12
98,50000,delivered,1,4,0,75,55,5000,not_often,fair,4000,0,0,0,0,50,266.32,10
99,80000,delivered,1,4,0,75,30,3000,not_often,fair,7000,0,0,0,0,30,364.61,9
100,70000,delivered,2,5,0,75,40,8000,often,fair,4000,0,0,0,0,80,239.56,2
101,85000,delivered,1,6,0,75,25,7000,often,good,9000,0,0,0,0,70,90.27,2
102,105000,delivered,1,3,0,75,35,9000,often,fair,8000,0,0,0,0,130,201.42,2
103,40000,delivered,1,4,0,75,60,8000,not_often,fair,3000,0,0,0,0,80,154.25,3
104,65000,delivered,1,5,0,75,40,6000,often,fair,4000,0,0,0,0,60,169.96,3
105,85000,delivered,1,6,0,75,25,5000,not_often,fair,9000,0,0,0,0,50,173.93,6
106,60000,delivered,1,3,0,75,40,9000,not_often,good,7000,0,0,0,0,110,144.14,6
107,75000,delivered,2,4,0,75,30,8000,not_often,very good,7000,0,0,0,0,80,164,6
108,55000,delivered,1,5,0,75,40,8000,not_often,fair,4000,0,0,0,0,80,108.26,2
109,95000,delivered,1,6,0,75,25,6000,often,good,9000,0,0,0,0,60,113.89,2
110,75000,delivered,1,4,0,75,30,9000,not_often,good,7000,0,0,0,0,90,183.35,1
111,85000,delivered,3,6,0,75,25,5000,not_often,fair,9000,0,0,0,0,50,226.74,2
112,85000,delivered,1,4,0,75,30,7000,not_often,fair,7000,0,0,0,0,70,283.47,1
113,85000,delivered,1,3,0,75,35,9000,not_often,good,7000,0,0,0,0,100,261.69,2
114,85000,carried,1,4,0,75,30,9000,often,good,7000,0,0,0,0,110,118.68,2
115,85000,delivered,2,5,0,75,40,9000,often,fair,4000,0,0,0,0,120,33.53,1
116,85000,delivered,1,5,0,75,40,6000,often,fair,4000,0,0,0,0,60,142.44,2
117,85000,carried,2,4,0,75,30,9000,not_often,good,7000,0,0,0,0,100,81.5,0
118,85000,carried,1,5,0,75,40,8000,not_often,good,4000,0,0,0,0,80,88.28,2
119,100000,delivered,1,3,0,75,25,9000,not_often,good,12000,0,0,0,0,100,199.4,5
120,80000,delivered,1,6,0,75,25,5000,not_often,good,9000,0,0,0,0,50,172,7
121,40000,delivered,1,4,0,75,45,8000,often,fair,3000,0,0,0,0,80,147.49,3
122,50000,delivered,1,4,0,75,55,9000,often,fair,4000,0,0,0,0,100,57.01,1
123,100000,carried,1,3,0,75,25,9000,not_often,good,12000,0,0,0,0,130,56.75,2
124,100000,delivered,1,4,0,75,25,8000,often,good,9000,0,0,0,0,80,145.91,8
125,40000,delivered,1,4,0,75,60,9000,not_often,good,3000,0,0,0,0,110,55.01,1
126,100000,carried,1,3,0,75,25,9000,not_often,good,12000,0,0,0,0,130,88.62,4
127,60000,carried,1,3,0,75,40,9000,often,good,7000,0,0,0,0,130,97.74,3
128,40000,carried,1,4,0,75,60,9000,not_often,fair,3000,0,0,0,0,120,32.02,1
129,95000,carried,1,6,0,75,25,7000,often,good,9000,0,0,0,0,70,79.88,0
130,45000,delivered,1,3,0,75,40,9000,not_often,good,7000,0,0,0,1,130,95.52,4
131,85000,carried,1,4,0,75,30,9000,often,good,7000,0,0,0,0,110,56.01,1
132,60000,delivered,1,3,0,75,40,9000,not_often,fair,7000,0,0,0,0,120,94.37,1
133,75000,delivered,1,4,0,75,30,9000,often,good,7000,0,0,0,0,130,23.85,1
134,80000,carried,2,4,0,75,30,9000,not_often,good,7000,0,0,0,0,110,74.17,1
135,95000,carried,1,6,0,75,25,7000,often,fair,9000,0,0,0,0,70,79.2,1
136,95000,delivered,1,6,0,75,25,9000,not_often,good,9000,0,0,0,0,90,30.59,1
137,95000,carried,1,4,0,75,25,9000,not_often,fair,8000,0,0,0,0,120,67.08,2
138,95000,delivered,1,5,0,75,40,9000,often,good,4000,0,0,0,0,90,69.35,2
139,95000,delivered,1,3,0,75,40,9000,not_often,good,7000,0,0,0,0,160,49.48,1
140,95000,delivered,1,3,0,75,40,9000,often,fair,7000,0,0,0,0,160,45.88,0
141,95000,carried,1,4,0,75,30,9000,often,fair,7000,0,0,0,0,100,93.91,3
142,75000,delivered,1,6,0,75,25,9000,often,good,9000,0,0,0,0,100,10.77,0
143,95000,delivered,1,6,0,75,25,8000,often,good,9000,0,0,0,0,80,60.44,2
144,60000,carried,1,3,0,75,40,9000,not_often,good,7000,0,0,0,0,190,35.44,1
145,75000,carried,1,4,0,75,30,9000,not_often,good,7000,0,0,0,0,120,59.51,0
146,40000,delivered,1,4,0,75,60,9000,not_often,good,3000,0,0,0,0,100,99.76,1
147,65000,delivered,2,5,0,75,40,8000,often,good,4000,0,0,0,0,80,89.47,2
148,85000,carried,1,6,0,75,25,8000,not_often,fair,9000,0,0,0,0,80,57.71,1
149,40000,delivered,1,4,0,75,60,4000,not_often,fair,3000,0,0,0,0,40,229.59,8
150,45000,carried,1,3,0,75,40,9000,not_often,good,7000,0,0,0,0,170,36.36,1
151,65000,delivered,1,5,0,75,35,8000,often,good,4000,0,0,0,0,80,129.4,5
152,40000,delivered,1,4,0,75,60,9000,often,fair,3000,0,0,0,0,100,121.5,4
153,40000,delivered,2,6,0,75,25,6000,often,good,9000,0,0,0,0,60,177.72,4
154,40000,delivered,1,5,0,75,40,2000,often,good,4000,0,0,0,0,20,230.65,7
155,40000,delivered,1,4,0,75,30,3000,often,fair,7000,0,0,0,0,30,294.54,6
156,40000,delivered,1,4,0,75,25,3000,not_often,fair,8000,0,0,0,0,30,178.72,2
157,40000,delivered,1,5,0,75,40,2000,not_often,fair,4000,0,0,0,0,20,196.02,9
158,90000,delivered,1,6,0,75,25,1000,often,fair,9000,0,0,0,0,10,224.45,11
159,105000,delivered,1,6,0,75,25,2000,often,fair,9000,0,0,0,0,20,215.2,11
160,70000,delivered,1,5,0,75,40,2000,not_often,fair,4000,0,0,0,0,20,210.11,5
161,70000,delivered,2,3,0,75,35,3000,often,fair,7000,0,0,0,0,30,250.91,6
162,70000,delivered,1,5,0,75,40,1000,often,good,4000,0,0,0,0,10,332.63,7
163,70000,delivered,1,6,0,75,20,1000,not_often,good,9000,0,0,0,0,10,389.28,1
164,70000,delivered,1,3,0,75,20,2000,often,fair,12000,0,0,0,0,20,448.99,3
165,105000,delivered,1,4,0,75,30,2000,often,good,7000,0,0,0,0,20,338.76,10
166,40000,delivered,1,4,0,75,55,2000,often,good,3000,0,0,0,0,20,305.81,18
167,100000,delivered,2,3,0,75,20,3000,not_often,fair,12000,0,0,0,0,30,308.01,18
168,40000,delivered,1,4,0,75,60,2000,not_often,fair,3000,0,0,0,0,20,400.05,22
169,50000,delivered,1,4,0,75,55,2000,not_often,fair,4000,0,0,0,0,20,420.33,23
170,55000,delivered,1,3,0,75,40,3000,often,good,7000,0,0,0,0,30,378.8,18
171,70000,delivered,1,5,0,75,35,1000,not_often,fair,4000,0,0,0,0,10,426.9,11
172,50000,delivered,1,4,0,75,60,2000,often,fair,3000,0,0,0,0,20,473.33,10
173,80000,delivered,1,4,0,75,30,2000,often,good,7000,0,0,0,0,20,531.51,18
174,80000,delivered,1,5,0,75,40,1000,not_often,fair,4000,0,0,0,0,10,527.39,16
175,80000,delivered,1,6,0,75,20,1000,often,fair,9000,0,0,0,0,10,463.04,4
176,80000,delivered,1,3,0,75,20,2000,not_often,good,11000,0,0,0,0,20,488.07,26
177,80000,delivered,1,4,0,75,55,2000,often,good,9000,0,0,0,0,20,474.22,15
178,80000,delivered,1,4,0,75,30,2000,often,fair,7000,0,0,0,0,20,469.3,24
179,80000,delivered,1,5,0,75,40,1000,not_often,good,4000,0,0,0,0,10,470.34,17
180,80000,delivered,1,3,0,75,40,4000,not_often,fair,7000,0,0,0,0,40,405.81,9
181,80000,delivered,1,4,0,75,30,3000,not_often,fair,7000,0,0,0,0,30,379.33,16
182,50000,delivered,1,4,0,75,30,3000,often,good,7000,0,0,0,0,30,323.36,12
183,60000,delivered,1,3,0,75,40,3000,not_often,fair,7000,0,0,0,0,30,373.55,9
184,50000,delivered,1,4,0,75,55,5000,not_often,good,4000,0,0,0,0,50,268.75,9
185,70000,carried,1,5,0,75,40,2000,not_often,good,4000,0,0,0,0,20,342.38,2
186,95000,carried,2,5,0,75,35,2000,not_often,good,4000,0,0,0,0,20,297.26,6
187,95000,delivered,1,6,0,75,20,2000,often,good,9000,0,0,0,1,20,231.68,8
188,65000,delivered,1,5,0,75,40,2000,not_often,good,4000,0,0,0,0,20,237.2,0
189,45000,delivered,1,3,0,75,40,9000,not_often,good,7000,0,0,0,0,100,186.42,6
190,40000,delivered,1,4,0,75,60,9000,not_often,fair,3000,0,0,0,0,100,72.57,3
191,55000,carried,1,3,0,75,40,9000,not_often,fair,7000,0,0,0,0,120,112.72,3
192,55000,delivered,1,3,0,75,40,9000,often,fair,7000,0,0,0,0,120,159.14,6
193,85000,delivered,1,6,0,75,40,5000,often,fair,9000,0,0,0,0,50,196.45,4
194,90000,delivered,1,5,0,75,40,6000,often,fair,4000,0,0,0,0,60,222.3,9
195,60000,carried,1,3,0,75,40,9000,often,good,7000,0,0,0,0,130,128.72,1
196,100000,carried,1,4,0,75,20,8000,not_often,good,9000,0,0,0,0,80,306.37,15
197,100000,carried,1,6,0,75,20,6000,often,good,9000,0,0,0,0,60,196.6,3
198,40000,delivered,1,4,0,75,60,9000,often,good,3000,0,0,0,0,90,211.02,2
199,50000,delivered,1,3,0,75,40,9000,not_often,fair,7000,0,0,0,0,130,192.63,4
200,75000,delivered,1,4,0,75,30,9000,often,good,7000,0,0,0,0,90,230.85,2
201,95000,delivered,1,6,0,75,55,8000,not_often,good,9000,0,0,0,0,80,101.84,0
202,55000,delivered,1,3,0,75,40,9000,often,good,7000,0,0,0,0,150,138.64,2
203,65000,delivered,1,4,0,75,30,9000,not_often,good,7000,0,0,0,0,130,105.08,1
204,105000,carried,1,3,0,75,20,9000,often,fair,11000,0,0,0,0,190,72.84,0
205,65000,carried,2,5,0,75,40,9000,often,good,4000,0,0,0,0,110,87.14,1
206,60000,delivered,1,3,0,75,40,9000,not_often,fair,7000,0,0,0,0,160,113.88,4
207,75000,carried,1,4,0,75,30,9000,often,fair,7000,0,0,0,0,120,137.06,2
208,105000,carried,1,4,0,75,20,9000,often,good,8000,0,0,0,0,120,132.09,4
209,45000,carried,1,3,0,75,40,9000,often,good,7000,0,0,0,0,200,55.07,3
210,80000,delivered,1,4,0,75,30,9000,not_often,fair,7000,0,0,0,0,140,85.29,4
211,80000,carried,1,4,0,75,30,9000,not_often,good,7000,0,0,0,0,160,27.07,1
212,95000,delivered,1,6,0,75,20,5000,not_often,good,9000,0,0,0,0,50,146.49,2
213,85000,delivered,1,6,0,75,35,5000,often,fair,9000,0,0,0,0,50,131.61,2
214,40000,carried,1,4,0,75,60,7000,often,good,3000,0,0,0,0,70,152.63,1
215,100000,carried,1,4,0,75,30,9000,not_often,fair,7000,0,0,0,1,100,76.69,1
216,95000,carried,1,6,0,75,20,6000,not_often,fair,9000,0,0,0,0,60,105.72,2
217,95000,carried,1,6,0,75,20,6000,often,fair,9000,0,0,0,0,60,90.44,2
218,95000,carried,1,6,0,75,20,8000,often,good,9000,0,0,0,0,80,39.66,0
219,95000,carried,1,4,0,75,55,9000,often,fair,4000,0,0,0,0,120,79.4,2
220,95000,delivered,1,6,0,75,55,5000,often,good,9000,0,0,0,0,50,118.98,1
221,95000,carried,1,4,0,75,30,7000,often,fair,7000,0,0,0,0,70,144.81,0
222,50000,carried,1,4,0,75,55,9000,often,fair,4000,0,0,0,0,100,85.98,3
223,75000,carried,1,4,0,75,30,9000,not_often,fair,7000,0,0,0,0,140,35.47,1
224,80000,delivered,2,4,0,75,30,8000,often,good,7000,0,0,0,0,80,105.39,3
225,75000,delivered,1,4,0,75,30,9000,often,good,7000,0,0,0,0,150,55.11,0
226,80000,delivered,1,4,0,75,30,9000,often,fair,7000,0,0,0,0,90,104.04,0
227,80000,carried,1,6,0,75,20,5000,often,fair,9000,0,0,0,0,50,150.88,4
228,80000,delivered,1,4,0,75,30,8000,often,fair,7000,0,0,0,0,80,188.67,5
229,100000,delivered,1,3,0,75,20,9000,not_often,fair,12000,0,0,0,0,100,107.45,0
230,55000,carried,1,3,0,75,40,9000,not_often,fair,7000,0,0,0,0,100,156.85,2
231,60000,delivered,1,3,0,75,40,9000,often,good,7000,0,0,0,0,130,78.11,1
232,50000,delivered,1,4,0,75,55,9000,often,good,4000,0,0,0,0,90,118.6,3
233,45000,delivered,1,3,0,75,40,9000,often,very good,7000,0,0,0,0,180,42.38,2
234,95000,delivered,1,6,0,75,20,5000,not_often,fair,9000,0,0,0,0,50,100.9,4
235,50000,carried,1,3,0,75,40,9000,not_often,fair,7000,0,0,0,0,130,66.73,2
236,65000,delivered,1,5,0,75,40,6000,not_often,good,4000,0,0,0,0,60,172.24,4
237,90000,delivered,1,6,0,75,20,5000,not_often,fair,9000,0,0,0,0,50,201.09,7
238,90000,delivered,1,6,0,75,20,4000,not_often,good,9000,0,0,0,0,40,234.88,6
239,55000,delivered,1,3,0,75,40,9000,often,fair,7000,0,0,0,0,90,223.29,7
240,105000,delivered,1,3,0,75,20,8000,not_often,good,11000,0,0,0,0,80,251.73,10
241,55000,delivered,1,3,0,75,40,8000,not_often,fair,7000,0,0,0,0,80,304.38,17
242,105000,delivered,1,6,0,75,20,3000,not_often,fair,9000,0,0,0,0,30,367.9,14
243,95000,delivered,2,6,0,75,20,3000,not_often,good,9000,0,0,0,0,30,369.86,18
244,100000,delivered,1,3,0,75,20,5000,not_often,good,11000,0,0,0,0,50,438.77,15
245,90000,delivered,1,6,0,75,20,2000,not_often,good,9000,0,0,0,0,20,446.23,0
246,70000,delivered,1,5,0,75,40,2000,often,fair,4000,0,0,0,0,20,378.76,2
247,100000,delivered,1,2,0,75,20,5000,often,good,19000,0,0,0,0,50,462.39,22
248,60000,delivered,1,3,0,75,40,4000,not_often,fair,7000,0,0,0,0,40,421.35,19
249,100000,delivered,1,4,0,75,20,2000,often,fair,9000,0,0,0,1,20,463.04,23
250,45000,delivered,1,3,0,75,40,3000,not_often,good,7000,0,0,0,0,30,473.06,18
251,70000,delivered,1,6,0,75,20,1000,not_often,good,9000,0,0,0,0,10,544.23,22
252,45000,delivered,1,3,0,75,40,2000,often,good,7000,0,0,0,0,20,527.8,19
253,95000,delivered,1,6,0,75,20,1000,not_often,good,9000,0,0,0,0,10,374.88,2
254,65000,delivered,1,5,0,75,40,2000,not_often,fair,4000,0,0,0,0,20,365,0
255,90000,delivered,1,6,0,75,20,1000,not_often,good,9000,0,0,0,0,10,440.65,3
256,90000,delivered,1,6,0,75,20,1000,often,good,9000,0,0,0,0,10,509.4,3
257,90000,delivered,1,4,0,75,30,2000,often,good,7000,0,0,0,0,20,578.28,8
258,90000,delivered,1,6,0,75,35,1000,not_often,good,9000,0,0,0,0,10,598.07,3
259,90000,delivered,1,5,0,75,40,1000,often,good,4000,0,0,0,0,10,541.94,28
260,90000,delivered,1,6,0,75,20,1000,often,good,9000,0,0,0,0,10,537.82,9
261,70000,delivered,1,5,0,75,40,3000,not_often,fair,4000,0,0,0,0,30,419.44,13
262,60000,delivered,2,5,0,75,40,2000,often,good,4000,0,0,0,0,20,467.74,27
263,65000,delivered,1,5,0,75,45,2000,not_often,good,4000,0,0,0,0,20,465.28,30
264,80000,delivered,1,4,0,75,30,2000,often,good,7000,0,0,0,0,20,496.23,28
265,55000,delivered,1,3,0,75,40,2000,often,fair,7000,0,0,0,0,20,578.36,35
266,80000,delivered,1,4,0,75,30,2000,not_often,very good,7000,0,0,0,0,20,578.02,21
267,80000,delivered,1,6,0,75,15,1000,not_often,fair,9000,0,0,0,0,10,548.89,15
268,80000,delivered,1,3,0,75,40,2000,not_often,good,7000,0,0,0,0,20,569.17,13
269,80000,delivered,1,3,0,75,15,4000,not_often,fair,11000,0,0,0,0,40,405.76,11
270,80000,delivered,1,4,0,75,30,3000,not_often,good,7000,0,0,0,0,30,380.87,10
271,65000,delivered,1,5,0,75,40,3000,not_often,fair,4000,0,0,0,0,30,351.37,6
272,45000,delivered,1,3,0,75,40,5000,not_often,good,7000,0,0,0,0,50,405.94,8
273,50000,delivered,1,4,0,75,55,5000,often,good,4000,0,0,0,0,50,431,9
274,40000,delivered,1,4,0,75,60,5000,not_often,good,3000,0,0,0,0,50,414.42,8
275,85000,delivered,1,6,0,75,15,3000,not_often,fair,9000,0,0,0,0,30,430.59,8
276,105000,delivered,1,6,0,75,15,3000,often,fair,9000,0,0,0,1,30,475.84,10
277,75000,delivered,1,4,0,75,30,4000,often,fair,7000,0,0,0,0,40,509.01,6
278,85000,delivered,1,6,0,75,15,2000,not_often,good,9000,0,0,0,0,20,576.85,4
279,65000,delivered,1,5,0,75,40,2000,often,good,4000,0,0,0,0,20,606.85,36
280,70000,delivered,1,5,0,75,40,2000,often,good,4000,0,0,0,0,20,597.34,1
281,55000,delivered,3,3,0,75,40,4000,often,good,7000,0,0,0,0,40,588.59,37
282,55000,delivered,1,4,0,75,30,4000,not_often,fair,7000,0,0,0,0,40,534.18,31
283,55000,delivered,1,3,0,75,15,5000,often,fair,11000,0,0,0,0,50,353.01,5
284,55000,delivered,1,6,0,75,15,3000,not_often,fair,9000,0,0,0,0,30,469.66,21
285,55000,delivered,1,4,0,75,60,3000,often,fair,3000,0,0,0,0,30,393.91,12
286,55000,delivered,1,6,0,75,15,3000,not_often,fair,9000,0,0,0,0,30,317.62,11
287,55000,delivered,1,6,0,75,15,6000,not_often,good,9000,0,0,0,0,60,223.62,10
288,70000,delivered,1,5,0,75,40,7000,often,fair,4000,0,0,0,0,70,178.75,11
289,100000,delivered,1,3,0,75,15,9000,often,fair,12000,0,0,0,0,130,242.92,14
290,40000,delivered,1,4,0,75,60,9000,not_often,fair,3000,0,0,0,0,150,47.76,2
291,60000,delivered,1,3,0,75,40,9000,not_often,good,7000,0,0,0,0,120,131.19,12
292,75000,delivered,1,4,0,75,30,9000,often,good,7000,0,0,0,0,90,145.66,10
293,90000,delivered,1,6,0,75,15,5000,often,good,9000,0,0,0,0,50,188.32,20
294,60000,delivered,1,3,0,75,40,9000,not_often,good,7000,0,0,0,0,130,284.86,16
295,105000,delivered,1,6,0,75,15,3000,not_often,good,9000,0,0,0,0,30,458.75,30
296,40000,delivered,1,4,0,75,60,3000,not_often,fair,3000,0,0,0,0,30,564.72,38
297,85000,delivered,1,6,0,75,15,3000,often,very good,9000,0,0,0,0,30,489.34,35
298,45000,delivered,1,3,0,75,35,6000,not_often,good,7000,0,0,0,0,60,409.46,27
299,65000,delivered,1,4,0,75,30,3000,not_often,good,7000,0,0,0,0,30,525.76,23
300,45000,delivered,2,3,0,75,40,6000,often,good,7000,0,0,0,0,60,429.38,9
301,100000,delivered,1,4,0,75,15,5000,not_often,good,9000,0,0,0,0,50,192.46,2
302,100000,delivered,1,5,0,75,40,6000,not_often,fair,4000,0,0,0,0,60,222.27,3
303,100000,delivered,1,3,0,75,40,9000,not_often,good,7000,0,0,0,0,100,264.75,4
304,100000,delivered,1,4,0,75,55,7000,often,good,4000,0,0,0,0,70,283.44,4
305,100000,delivered,1,4,0,75,30,7000,not_often,good,7000,0,0,0,0,70,269.03,4
306,100000,delivered,1,6,0,75,15,6000,not_often,good,9000,0,0,0,0,60,239.04,4
307,100000,delivered,1,3,0,75,40,9000,often,fair,7000,0,0,0,0,140,179.36,3
308,70000,delivered,1,5,0,75,35,9000,often,fair,4000,0,0,0,0,90,147.41,3
309,65000,delivered,1,5,0,75,40,8000,not_often,good,4000,0,0,0,0,80,183.85,3
310,105000,delivered,1,4,0,75,15,9000,often,fair,8000,0,0,0,0,100,216.09,4
311,100000,carried,1,3,0,75,15,9000,not_often,fair,11000,0,0,0,0,120,114.04,2
312,65000,delivered,1,5,0,75,40,9000,often,fair,4000,0,0,0,0,120,73.16,1
313,70000,carried,1,5,0,75,40,7000,often,good,4000,0,0,0,0,70,114.74,2
314,90000,delivered,1,6,0,75,20,6000,not_often,fair,9000,0,0,0,0,60,152.21,4
315,70000,delivered,1,5,0,75,40,4000,often,fair,4000,0,0,0,0,40,208.63,4
316,90000,delivered,1,6,0,75,20,7000,often,fair,9000,0,0,0,0,70,147.33,3
317,45000,carried,1,3,0,75,40,9000,not_often,good,7000,0,0,0,0,200,57.28,2
318,60000,carried,1,3,0,75,40,9000,not_often,fair,7000,0,0,0,0,120,110.26,1
319,40000,delivered,2,4,0,75,60,9000,often,good,3000,0,0,0,0,110,154.15,3
320,40000,delivered,1,4,0,75,60,9000,often,fair,3000,0,0,0,0,110,196.76,4
321,105000,delivered,1,3,0,75,20,9000,often,fair,11000,0,0,0,0,140,190.08,4
322,100000,delivered,1,2,0,75,40,9000,often,fair,13000,0,0,0,0,220,183.97,0
323,100000,delivered,1,6,0,75,20,9000,not_often,fair,9000,0,0,0,0,100,60,1
324,100000,delivered,1,3,0,75,40,9000,often,good,7000,0,0,0,0,140,164.91,3
325,100000,delivered,1,3,0,75,40,6000,often,good,7000,0,0,0,0,60,193.76,3
326,100000,delivered,1,6,0,75,20,3000,often,good,9000,0,0,0,0,30,229.71,3
327,100000,delivered,1,5,0,75,40,3000,often,fair,4000,0,0,0,0,30,244.77,5
328,100000,delivered,1,4,0,75,30,3000,not_often,fair,7000,0,0,0,0,30,280.49,5
329,45000,delivered,1,6,0,75,20,2000,not_often,fair,9000,0,0,0,0,20,226.08,0
330,60000,carried,1,3,0,75,40,6000,not_often,good,7000,0,0,0,0,60,208.21,3
331,80000,delivered,1,4,0,75,30,4000,not_often,good,7000,0,0,0,0,40,227.73,4
332,105000,carried,1,4,0,75,20,4000,not_often,fair,8000,0,0,0,0,40,263.29,2
333,70000,delivered,1,5,0,75,40,2000,often,good,4000,0,0,0,0,20,295.58,7
334,75000,delivered,1,4,0,75,30,4000,often,fair,7000,0,0,0,0,40,258.31,8
335,75000,carried,1,4,0,75,30,4000,often,fair,7000,0,0,0,0,40,217.61,6
336,75000,delivered,1,4,0,75,30,9000,often,good,7000,0,0,0,0,90,112.01,5
337,60000,carried,1,3,0,75,40,9000,not_often,good,7000,0,0,0,0,120,106.78,3
338,65000,carried,2,5,0,75,40,8000,not_often,good,4000,0,0,0,0,80,62.43,2
339,50000,delivered,1,4,0,75,55,9000,not_often,fair,4000,0,0,0,0,110,68.25,3
340,50000,carried,1,5,0,75,35,8000,often,good,4000,0,0,0,0,80,117.72,4
341,50000,delivered,1,3,0,75,40,9000,often,fair,7000,0,0,0,0,120,150.76,4
342,50000,carried,1,4,0,75,30,8000,not_often,good,7000,0,0,0,0,80,187.24,4
343,50000,carried,1,6,0,75,20,5000,not_often,fair,9000,0,0,0,0,50,196.98,1
344,50000,carried,1,5,0,75,40,7000,not_often,fair,4000,0,0,0,0,70,151.79,4
345,50000,delivered,1,3,0,75,40,9000,often,good,7000,0,0,0,0,140,52.17,2
346,50000,carried,1,4,0,75,30,9000,often,good,7000,0,0,0,0,90,109.81,1
347,50000,carried,1,5,0,75,40,7000,not_often,good,4000,0,0,0,0,70,145.99,3
348,70000,delivered,1,4,0,75,30,9000,often,good,7000,0,0,0,0,100,97.02,2
349,75000,carried,1,4,0,75,30,9000,often,good,7000,0,0,0,0,100,76.22,0
350,90000,delivered,1,6,0,75,55,7000,not_often,fair,9000,0,0,0,0,70,71.81,2
351,70000,delivered,1,5,0,75,40,8000,not_often,fair,4000,0,0,0,0,80,61.2,1
352,75000,carried,1,4,0,75,30,9000,often,fair,7000,0,0,0,0,90,125.25,2
353,100000,delivered,1,3,0,75,20,4000,not_often,good,12000,0,0,0,0,40,293.9,5
354,70000,delivered,1,5,0,75,35,2000,often,fair,4000,0,0,0,0,20,340.3,5
355,80000,delivered,1,6,0,75,15,2000,not_often,good,9000,0,0,0,0,20,267.37,4
356,95000,delivered,1,6,0,75,15,2000,not_often,good,9000,0,0,0,0,20,296.45,5
357,90000,delivered,2,6,0,75,15,1000,often,fair,9000,0,0,0,0,10,328.4,6
358,40000,delivered,1,4,0,75,60,3000,often,fair,3000,0,0,0,0,30,271.15,4
359,55000,delivered,1,3,0,75,40,4000,often,good,7000,0,0,0,0,40,260.71,4
360,100000,delivered,1,3,0,75,15,3000,not_often,good,11000,0,0,0,0,30,327.27,7
361,85000,delivered,1,6,0,75,15,2000,not_often,fair,9000,0,0,0,0,20,291.29,6
362,105000,delivered,1,6,0,75,15,1000,not_often,fair,9000,0,0,0,0,10,339.84,8
363,100000,delivered,1,6,0,75,15,1000,not_often,fair,9000,0,0,0,0,10,306.22,6
364,100000,delivered,1,5,0,75,40,2000,often,very good,4000,0,0,0,0,20,268.07,5
365,100000,delivered,1,6,0,75,15,1000,not_often,good,9000,0,0,0,0,10,355.76,7
366,100000,delivered,1,3,0,75,40,2000,not_often,good,7000,0,0,0,0,20,310.04,7
367,100000,delivered,1,5,0,75,40,1000,often,good,4000,0,0,0,0,10,357.58,7
368,100000,delivered,1,6,0,75,15,1000,often,good,9000,0,0,0,0,10,306.79,10
369,80000,delivered,1,5,0,75,40,1000,not_often,good,4000,0,0,0,0,10,356.72,11
370,65000,carried,1,5,0,75,40,2000,not_often,fair,4000,0,0,0,0,20,244,3
371,80000,delivered,1,4,0,75,30,9000,often,good,7000,0,0,0,0,90,183.17,4
372,60000,carried,1,3,0,75,40,4000,often,good,7000,0,0,0,0,40,237.61,5
373,60000,carried,1,3,0,75,15,9000,often,fair,11000,0,0,0,0,110,157.43,4
374,60000,carried,1,4,0,75,15,9000,often,good,8000,0,0,0,0,90,203.97,3
375,60000,carried,1,4,0,75,30,9000,not_often,very good,7000,0,0,0,0,90,136.36,1
376,70000,carried,2,5,0,75,40,9000,often,fair,4000,0,0,0,0,100,45.04,1
377,50000,carried,1,4,0,75,55,9000,not_often,fair,4000,0,0,0,0,130,47.68,2
378,80000,carried,1,4,0,75,30,9000,not_often,good,7000,0,0,0,0,100,79.16,0
379,40000,carried,1,4,0,75,55,9000,not_often,fair,3000,0,0,0,0,90,112.36,1
380,100000,carried,1,4,0,75,15,9000,often,good,9000,0,0,0,1,90,82.86,0
381,70000,carried,1,5,0,75,40,7000,not_often,fair,4000,0,0,0,0,70,93.41,3
382,70000,carried,1,4,0,75,30,9000,not_often,fair,7000,0,0,0,0,120,54.82,0
383,85000,carried,1,6,0,75,15,8000,often,fair,9000,0,0,0,0,80,82.46,2
384,70000,carried,1,5,0,75,40,9000,not_often,good,4000,0,0,0,0,90,118.11,2
385,95000,carried,1,6,0,75,15,8000,not_often,fair,9000,0,0,0,0,80,55.58,0
386,65000,carried,1,5,0,75,40,9000,not_often,good,4000,0,0,0,0,100,53.54,1
387,65000,carried,1,3,0,75,40,9000,often,good,7000,0,0,0,0,170,48.84,1
388,65000,carried,1,6,0,75,15,8000,not_often,good,9000,0,0,0,0,80,88.2,2
389,65000,carried,1,6,0,75,15,8000,not_often,fair,9000,0,0,0,0,80,42.2,0
390,65000,carried,1,4,0,75,15,9000,not_often,fair,8000,0,0,0,0,120,38.48,0
391,75000,carried,1,4,0,75,30,9000,not_often,good,7000,0,0,0,0,130,47.76,1
392,70000,carried,1,5,0,75,40,9000,not_often,fair,4000,0,0,0,0,120,15.62,0
393,105000,carried,1,6,0,75,15,9000,not_often,fair,9000,0,0,0,0,100,23.19,1
394,60000,carried,1,3,0,75,35,9000,often,fair,7000,0,0,0,0,170,46.49,1
395,90000,carried,2,6,0,75,15,8000,not_often,fair,9000,0,0,0,0,80,65.73,0
396,80000,carried,1,4,0,75,30,9000,not_often,fair,7000,0,0,0,0,130,52.2,1
397,60000,carried,1,4,0,75,30,9000,often,good,7000,0,0,0,0,130,67.36,1
398,95000,carried,1,6,0,75,15,8000,not_often,good,9000,0,0,0,0,80,56.73,0
399,60000,carried,1,3,0,75,40,9000,not_often,good,7000,0,0,0,0,150,135.2,2
400,65000,carried,2,5,0,75,40,9000,not_often,fair,4000,0,0,0,0,90,143.39,3
401,95000,carried,1,6,0,75,15,7000,often,fair,9000,0,0,0,0,70,121.56,3
402,60000,carried,1,3,0,75,40,9000,not_often,good,7000,0,0,0,0,170,66.03,2
403,95000,carried,1,6,0,75,15,7000,often,fair,9000,0,0,0,0,70,155.97,5
404,100000,carried,1,3,0,75,15,9000,not_often,good,12000,0,0,0,0,150,116.73,3
405,60000,carried,1,3,0,75,40,9000,often,good,7000,0,0,0,0,150,151.73,2
406,50000,carried,1,4,0,75,55,9000,not_often,fair,4000,0,0,0,0,130,44.18,3
407,100000,carried,1,2,0,75,15,9000,not_often,fair,19000,0,0,0,0,260,69.32,1
408,50000,carried,1,4,0,75,55,9000,not_often,fair,4000,0,0,0,0,130,91.55,2
409,100000,carried,1,4,0,75,15,9000,not_often,fair,9000,0,0,0,0,130,37.7,0
410,75000,carried,1,4,0,75,30,9000,often,fair,7000,0,0,0,0,110,94.34,3
411,80000,carried,1,6,0,75,15,7000,often,fair,9000,0,0,0,0,70,103.46,2
412,50000,delivered,1,4,0,75,55,9000,not_often,good,4000,0,0,0,0,110,196.36,2
413,100000,delivered,1,3,0,75,15,9000,often,good,12000,0,0,0,0,140,187.96,6
414,40000,delivered,2,4,0,75,60,9000,often,good,3000,0,0,0,0,100,220.1,1
415,65000,delivered,1,5,0,75,40,9000,not_often,good,4000,0,0,0,0,90,163.62,0
416,50000,delivered,1,4,0,75,55,9000,often,fair,4000,0,0,0,0,110,138.36,3
417,90000,delivered,1,6,0,75,15,6000,often,good,9000,0,0,0,0,60,213.04,2
418,40000,delivered,1,4,0,75,55,9000,often,fair,4000,0,0,0,0,110,145.72,2
419,50000,delivered,1,4,0,75,55,9000,not_often,good,4000,0,0,0,0,90,256.45,2
420,50000,delivered,1,4,0,75,30,9000,often,fair,7000,0,0,0,0,110,180.25,2
421,50000,delivered,1,4,0,75,15,9000,often,fair,8000,0,0,0,0,100,214.46,1
422,50000,delivered,1,5,0,75,40,6000,not_often,good,4000,0,0,0,0,60,319.04,2
423,50000,delivered,1,6,0,75,15,5000,often,good,9000,0,0,0,0,50,311.67,8
424,50000,delivered,1,4,0,75,55,9000,often,fair,3000,0,0,0,0,90,247.03,6
425,95000,delivered,1,6,0,75,15,6000,often,good,9000,0,0,0,0,60,145.5,1
426,65000,delivered,1,5,0,75,40,7000,often,fair,4000,0,0,0,0,70,243.13,5
427,95000,delivered,1,6,0,75,15,6000,often,good,9000,0,0,0,0,60,277.12,3
428,100000,delivered,1,6,0,75,15,6000,not_often,good,9000,0,0,0,0,60,259.28,2
429,100000,delivered,1,3,0,75,40,9000,often,good,7000,0,0,0,0,130,223.83,1
430,100000,delivered,1,4,0,75,30,9000,often,good,7000,0,0,0,0,100,221.54,7
431,100000,delivered,1,3,0,75,40,9000,often,fair,7000,0,0,0,0,120,254.95,6
432,100000,delivered,1,4,0,75,60,9000,often,good,3000,0,0,0,0,90,256.85,3
433,60000,delivered,2,3,0,75,40,9000,not_often,fair,7000,0,0,0,0,120,304.61,2
434,70000,delivered,1,5,0,75,40,7000,not_often,fair,4000,0,0,0,0,70,322.06,7
435,70000,delivered,1,5,0,75,35,7000,often,very good,4000,0,0,0,0,70,318.11,5
436,90000,delivered,1,6,0,75,15,6000,not_often,fair,9000,0,0,0,0,60,320.63,1
437,95000,delivered,1,6,0,75,15,7000,often,good,9000,0,0,0,0,70,256.73,4
438,105000,delivered,1,4,0,75,30,9000,often,fair,7000,0,0,0,0,110,260.6,4
439,55000,delivered,1,3,0,75,40,9000,often,fair,7000,0,0,0,0,120,318.02,3
440,55000,delivered,1,3,0,75,40,9000,not_often,good,7000,0,0,0,0,120,301.88,2
441,90000,delivered,1,6,0,75,15,7000,not_often,good,9000,0,0,0,0,70,234.06,2
442,45000,delivered,1,3,0,75,40,9000,not_often,fair,7000,0,0,0,0,140,234.36,4
443,100000,delivered,1,4,0,75,15,9000,not_often,good,9000,0,0,0,0,140,132,1
444,60000,delivered,1,3,0,75,40,9000,not_often,good,7000,0,0,0,0,110,206.63,7
445,80000,delivered,1,6,0,75,15,9000,not_often,good,9000,0,0,0,0,90,138.22,4
446,85000,delivered,1,6,0,75,15,9000,not_often,good,9000,0,0,0,0,100,80.99,2
447,85000,carried,1,4,0,75,60,9000,often,good,3000,0,0,0,0,160,26.17,0
448,85000,delivered,1,6,0,75,15,9000,not_often,fair,9000,0,0,0,0,100,109.66,4
449,85000,delivered,1,3,0,75,15,9000,not_often,fair,11000,0,0,0,0,180,174.52,9
450,85000,delivered,1,4,0,75,15,9000,often,fair,8000,0,0,0,0,110,255.15,11
451,40000,delivered,1,4,0,75,60,3000,not_often,good,3000,0,0,0,0,110,297.06,11
452,40000,well,2,4,0,75,15,1000,often,poor,2000,0,0,0,0,110,276.74,10
453,60000,delivered,1,3,0,75,40,9000,often,fair,7000,0,0,0,0,140,261.28,9
454,55000,delivered,1,3,0,75,40,9000,often,fair,7000,0,0,0,0,160,209.29,8
455,95000,delivered,1,6,0,75,15,8000,not_often,fair,9000,0,0,0,0,80,238.03,6
456,95000,delivered,1,6,0,75,15,9000,not_often,fair,9000,0,0,0,0,90,160.65,8
457,95000,delivered,1,4,0,75,15,9000,often,fair,9000,0,0,0,0,130,152.07,6
458,95000,delivered,1,4,0,75,55,9000,not_often,good,4000,0,0,0,0,140,112.64,4
459,95000,delivered,1,3,0,75,40,9000,not_often,fair,7000,0,0,0,0,170,177.19,4
460,95000,delivered,1,4,0,75,30,9000,not_often,fair,7000,0,0,0,0,130,159.15,2
461,95000,delivered,1,3,0,75,40,9000,not_often,fair,7000,0,0,0,0,200,97.59,2
462,90000,delivered,1,6,0,75,15,9000,often,good,9000,0,0,0,0,100,80.06,3
463,45000,carried,1,3,0,75,40,9000,not_often,fair,7000,0,0,0,0,210,70.01,1
464,85000,delivered,1,6,0,75,55,8000,often,good,9000,0,0,0,0,80,183.13,4
465,105000,delivered,1,4,0,75,20,9000,not_often,fair,8000,0,0,0,0,140,116.71,4
466,105000,delivered,1,3,0,75,20,9000,not_often,good,12000,0,0,0,0,200,86.05,5
467,95000,carried,1,6,0,75,20,9000,not_often,fair,9000,0,0,0,0,110,46.53,3
468,65000,carried,1,5,0,75,40,9000,often,good,4000,0,0,0,0,130,52.33,3
469,65000,delivered,1,5,0,75,40,9000,often,good,4000,0,0,0,0,130,70.72,4
470,50000,delivered,1,4,0,75,55,9000,often,fair,4000,0,0,0,0,170,67.12,3
471,70000,delivered,2,5,0,75,40,9000,often,fair,4000,0,0,0,0,100,141.82,4
472,80000,delivered,1,4,0,75,30,9000,often,fair,7000,0,0,0,0,120,211.68,8
473,85000,delivered,1,4,0,75,20,9000,not_often,fair,7000,0,0,0,0,120,221.62,10
474,95000,delivered,1,6,0,75,20,9000,often,fair,9000,0,0,0,0,90,155.08,6
475,75000,delivered,1,4,0,75,30,9000,not_often,fair,7000,0,0,0,0,120,248.6,11
476,50000,delivered,1,4,0,75,30,9000,not_often,good,4000,0,0,0,0,120,260.95,10
477,80000,delivered,1,4,0,75,30,9000,often,fair,7000,0,0,0,0,110,297.67,10
478,45000,delivered,1,3,0,75,35,9000,often,fair,7000,0,0,0,0,100,368.4,15
479,80000,delivered,1,4,0,75,30,8000,not_often,fair,7000,0,0,0,0,80,315.36,11
480,85000,delivered,1,6,0,75,20,5000,not_often,fair,9000,0,0,0,0,50,346.99,9
481,100000,delivered,1,4,0,75,20,7000,not_often,fair,9000,0,0,0,0,70,317.16,10
482,105000,delivered,1,3,0,75,20,7000,often,good,11000,0,0,0,0,70,409.42,6
483,60000,delivered,1,3,0,75,40,6000,not_often,good,7000,0,0,0,0,60,461.86,7
484,105000,delivered,1,6,0,75,20,4000,not_often,good,9000,0,0,0,0,40,371.01,12
485,40000,delivered,1,4,0,75,35,7000,not_often,fair,3000,0,0,0,0,70,398.42,12
486,55000,delivered,1,3,0,75,40,6000,often,fair,7000,0,0,0,0,60,463.79,9
487,55000,delivered,1,4,0,75,30,8000,often,fair,7000,0,0,0,0,80,308.15,12
488,55000,delivered,1,5,0,75,40,6000,often,good,4000,0,0,0,0,60,337.38,11
489,55000,delivered,1,4,0,75,30,7000,not_often,fair,4000,0,0,0,0,70,324.49,9
490,55000,delivered,2,6,0,75,20,7000,often,good,9000,0,0,0,0,70,270.65,7
491,55000,delivered,1,6,0,75,20,8000,not_often,fair,9000,0,0,0,0,80,180.23,7
492,55000,delivered,1,6,0,75,20,5000,often,good,9000,0,0,0,0,50,391.76,6
493,75000,delivered,1,4,0,75,30,8000,not_often,good,7000,0,0,0,0,80,322.41,6
494,55000,delivered,1,3,0,75,40,9000,often,good,7000,0,0,0,0,100,337,4
495,85000,delivered,1,6,0,75,35,5000,not_often,good,9000,0,0,0,0,50,319.9,3
496,90000,delivered,1,6,0,75,20,8000,not_often,fair,9000,0,0,0,0,80,253.51,3
497,90000,delivered,1,6,0,75,20,8000,not_often,good,9000,0,0,0,0,80,229.11,4
498,90000,delivered,1,4,0,75,30,9000,not_often,good,7000,0,0,0,0,130,177.55,5
499,90000,carried,1,4,0,75,30,9000,often,fair,4000,0,0,0,0,140,106.47,3
500,90000,carried,1,6,0,75,20,9000,not_often,very good,9000,0,0,0,0,100,77.01,4
501,105000,carried,1,4,0,75,30,9000,often,good,7000,0,0,0,0,150,87.09,0
502,80000,delivered,1,6,0,75,20,7000,often,good,9000,0,0,0,0,70,202.25,5
503,60000,delivered,1,3,0,75,40,9000,not_often,good,7000,0,0,0,0,100,303.64,11
504,100000,delivered,1,3,0,75,20,9000,not_often,fair,12000,0,0,0,0,160,241.25,11
505,100000,delivered,1,4,0,75,20,9000,not_often,fair,9000,0,0,0,0,130,116.1,0
506,50000,delivered,1,4,0,75,30,9000,often,good,4000,0,0,0,0,130,142.04,2
507,70000,delivered,1,5,0,75,40,9000,not_often,good,4000,0,0,0,0,100,160.8,5
508,55000,delivered,1,3,0,75,40,9000,often,fair,7000,0,0,0,0,160,169.12,2
509,55000,delivered,2,5,0,75,40,9000,often,good,4000,0,0,0,0,100,115.69,5
510,80000,delivered,1,4,0,75,30,9000,not_often,fair,7000,0,0,0,0,130,126.15,3
511,90000,delivered,1,6,0,75,20,8000,not_often,fair,9000,0,0,0,0,80,213.46,16
512,75000,delivered,1,4,0,75,30,9000,not_often,fair,7000,0,0,0,0,130,104,3
513,75000,delivered,1,4,0,75,30,9000,not_often,good,7000,0,0,0,0,120,212.21,16
514,95000,carried,1,4,0,75,30,9000,not_often,fair,7000,0,0,0,0,140,76.69,0
515,55000,delivered,1,3,0,75,40,9000,not_often,good,7000,0,0,0,0,180,99.01,0
516,85000,delivered,1,6,0,75,20,8000,often,good,9000,0,0,0,0,80,260,2
517,70000,delivered,1,5,0,75,40,9000,not_often,good,4000,0,0,0,0,130,46.01,4
518,70000,delivered,1,5,0,75,40,9000,not_often,good,4000,0,0,0,0,100,105.91,9
519,90000,carried,1,6,0,75,20,8000,not_often,fair,9000,0,0,0,0,80,129.99,4
520,50000,delivered,1,3,0,75,40,9000,not_often,fair,7000,0,0,0,0,160,151.17,2
521,55000,delivered,1,4,0,75,40,9000,not_often,fair,9000,0,0,0,0,150,78.6,2
522,95000,delivered,1,6,0,75,20,8000,not_often,good,9000,0,0,0,0,80,148.5,1
523,80000,delivered,1,4,0,75,30,9000,often,good,7000,0,0,0,0,120,158.9,6
524,95000,carried,1,6,0,75,20,7000,often,good,9000,0,0,0,0,70,208.24,11
525,55000,delivered,1,3,0,75,40,9000,often,good,7000,0,0,0,0,190,99.41,0
526,40000,delivered,1,4,0,75,60,9000,often,good,3000,0,0,0,0,120,160.25,0
527,105000,carried,1,6,0,75,20,7000,often,good,9000,0,0,0,0,70,220.51,5
528,90000,carried,3,6,0,75,20,8000,often,fair,9000,0,0,0,0,80,149.91,3
529,40000,delivered,1,4,0,75,60,9000,not_often,fair,3000,0,0,0,0,150,78.23,1
530,100000,delivered,1,6,0,75,35,9000,not_often,good,9000,0,0,0,0,110,47.17,1
531,65000,delivered,1,5,0,75,40,9000,not_often,good,4000,0,0,0,0,90,147.96,3
532,65000,delivered,1,5,0,75,40,9000,often,fair,3000,0,0,0,0,120,87.37,5
533,65000,delivered,1,3,0,75,15,9000,often,good,11000,0,0,0,0,200,89.27,1
534,65000,delivered,1,4,0,75,30,9000,often,very good,7000,0,0,0,0,110,208.89,6
535,65000,delivered,1,6,0,75,30,7000,often,fair,9000,0,0,0,0,70,213.78,4
536,80000,delivered,1,4,0,75,30,9000,not_often,good,7000,0,0,0,0,100,229.31,6
537,90000,delivered,1,6,0,75,15,8000,not_often,good,9000,0,0,0,0,80,152.74,3
538,95000,carried,1,6,0,75,15,7000,often,fair,9000,0,0,0,0,70,185.98,2
539,100000,delivered,1,4,0,75,15,9000,not_often,fair,9000,0,0,0,0,120,143.68,2
540,95000,delivered,1,6,0,75,15,9000,often,good,9000,0,0,0,0,100,88.51,1
541,95000,delivered,1,3,0,75,40,9000,not_often,fair,7000,0,0,0,0,160,126.57,1
542,95000,delivered,1,4,0,75,30,9000,not_often,good,7000,0,0,0,0,120,295.1,6
543,95000,delivered,1,4,0,75,60,9000,often,fair,3000,0,0,0,0,120,202.06,5
544,100000,delivered,1,4,0,75,15,9000,often,good,9000,0,0,0,0,110,295.43,7
545,40000,delivered,1,4,0,75,60,9000,not_often,fair,3000,0,0,0,0,100,310.11,1
546,60000,delivered,1,3,0,75,40,9000,often,fair,7000,0,0,0,0,160,233.14,3
547,50000,delivered,3,4,0,75,30,9000,not_often,good,4000,0,0,0,0,120,187.78,3
548,50000,delivered,1,4,0,75,30,8000,often,good,4000,0,0,0,0,80,308.1,5
549,90000,delivered,1,6,0,75,15,5000,often,good,9000,0,0,0,0,50,344.48,4
550,55000,delivered,1,3,0,75,40,9000,often,good,7000,0,0,0,0,100,339.53,0
551,55000,delivered,1,3,0,75,40,9000,often,fair,7000,0,0,0,0,100,304.31,1
552,55000,delivered,1,5,0,75,40,8000,often,fair,4000,0,0,0,0,80,204.79,3
553,55000,delivered,1,6,0,75,15,6000,not_often,good,9000,0,0,0,0,60,290.72,6
554,55000,delivered,1,4,0,75,30,9000,not_often,good,7000,0,0,0,0,120,132.7,3
555,55000,delivered,1,3,0,75,40,9000,not_often,good,7000,0,0,0,0,160,121.75,1
556,55000,delivered,1,4,0,75,30,9000,not_often,good,7000,0,0,0,0,100,195.01,3
557,55000,delivered,1,4,0,75,30,9000,not_often,fair,4000,0,0,0,0,100,149.6,0
558,60000,delivered,1,3,0,75,40,8000,often,good,7000,0,0,0,0,80,410.67,5
559,85000,delivered,1,6,0,75,15,5000,often,good,9000,0,0,0,0,50,320.65,6
560,90000,delivered,1,6,0,75,15,3000,not_often,good,9000,0,0,0,0,30,406.23,9
561,100000,delivered,1,4,0,75,30,5000,not_often,good,7000,0,0,0,0,50,546.36,7
562,55000,delivered,1,3,0,75,40,9000,often,fair,7000,0,0,0,0,200,60.21,2
563,65000,carried,1,5,0,75,40,9000,not_often,fair,4000,0,0,0,0,110,73.35,3
564,85000,carried,1,3,0,75,40,9000,often,good,7000,0,0,0,0,160,113.15,6
565,105000,carried,1,4,0,75,15,9000,often,fair,8000,0,0,0,0,150,81.22,4
566,75000,delivered,3,4,0,75,30,9000,often,good,7000,0,0,0,0,150,80.75,3
567,90000,delivered,1,6,0,75,15,8000,often,good,9000,0,0,0,0,80,229.03,6
568,55000,delivered,1,3,0,75,40,8000,often,fair,7000,0,0,0,0,80,471.35,10
569,70000,delivered,1,5,0,75,35,4000,often,good,4000,0,0,0,0,40,390.93,5
570,70000,delivered,1,5,0,75,40,4000,not_often,good,4000,0,0,0,0,40,429.75,11
571,40000,delivered,1,4,0,75,60,8000,often,fair,3000,0,0,0,0,80,312.82,3
572,55000,delivered,1,4,0,75,30,8000,often,good,7000,0,0,0,0,80,319.86,10
573,70000,delivered,1,5,0,75,40,4000,not_often,fair,4000,0,0,0,0,40,481.27,8
574,80000,delivered,1,4,0,75,30,6000,often,fair,7000,0,0,0,0,60,373.61,7
575,75000,delivered,1,4,0,75,30,9000,not_often,fair,7000,0,0,0,0,120,152.08,2
576,105000,delivered,1,4,0,75,15,9000,not_often,good,8000,0,0,0,0,110,178.19,7
577,80000,delivered,1,4,0,75,30,9000,not_often,good,7000,0,0,0,0,110,240.05,8
578,95000,delivered,1,5,0,75,40,8000,not_often,fair,4000,0,0,0,0,80,262.49,6
579,70000,delivered,1,5,0,75,40,5000,not_often,good,4000,0,0,0,0,50,394.87,9
580,50000,delivered,1,4,0,75,30,6000,not_often,good,4000,0,0,0,0,60,365.17,1
581,65000,carried,1,5,0,75,45,9000,not_often,poor,4000,0,0,0,0,100,183.36,4
582,95000,delivered,1,6,0,75,15,8000,not_often,good,9000,0,0,0,0,80,227.27,5
583,90000,delivered,1,6,0,75,15,7000,often,fair,9000,0,0,0,0,70,253.12,4
584,95000,carried,1,3,0,75,40,9000,not_often,good,7000,0,0,0,0,200,86.93,0
585,45000,delivered,3,3,0,75,40,9000,often,good,7000,0,0,0,0,190,90.43,5
586,60000,delivered,1,3,0,75,40,9000,often,fair,7000,0,0,0,0,160,174.18,4
587,80000,delivered,1,4,0,75,30,9000,not_often,fair,7000,0,0,0,0,120,217.86,9
588,85000,delivered,1,6,0,75,15,7000,not_often,good,9000,0,0,0,0,70,280.06,11
589,60000,delivered,1,3,0,75,40,9000,not_often,fair,7000,0,0,0,0,150,168.05,1
590,85000,delivered,1,3,0,75,40,9000,not_often,fair,7000,0,0,0,0,100,336.01,7
591,60000,delivered,1,3,0,75,40,8000,often,fair,7000,0,0,0,0,80,391.66,11
592,60000,delivered,1,3,0,75,40,8000,not_often,good,7000,0,0,0,0,80,470.12,7
593,60000,delivered,1,3,0,75,40,6000,not_often,fair,7000,0,0,0,0,60,505.18,5
594,60000,delivered,1,5,0,75,40,3000,often,fair,4000,0,0,0,0,30,523.07,4
595,60000,delivered,1,4,0,75,60,5000,often,fair,3000,0,0,0,0,50,419,12
596,60000,delivered,1,5,0,75,40,4000,often,good,4000,0,0,0,0,40,507.63,17
597,60000,delivered,1,5,0,75,40,5000,not_often,good,4000,0,0,0,0,50,348.3,8
598,60000,delivered,1,4,0,75,30,7000,often,good,7000,0,0,0,0,70,345.61,2
599,65000,delivered,1,5,0,75,40,8000,often,fair,4000,0,0,0,0,80,274.9,1
600,65000,carried,1,5,0,75,40,9000,not_often,fair,4000,0,0,0,0,100,167.6,3
601,95000,delivered,1,6,0,75,15,7000,not_often,good,9000,0,0,0,0,70,292.36,3
602,95000,delivered,1,6,0,75,15,4000,often,fair,9000,0,0,0,0,40,383.94,5
603,95000,delivered,1,6,0,75,15,4000,not_often,good,9000,0,0,0,0,40,357.19,12
604,70000,delivered,2,5,0,75,40,8000,often,fair,4000,0,0,0,0,80,291.78,6
605,70000,delivered,1,4,0,75,30,6000,often,good,7000,0,0,0,0,60,367.35,8
606,65000,delivered,1,5,0,75,40,5000,not_often,fair,4000,0,0,0,0,50,253.65,6
607,90000,delivered,1,6,0,75,15,4000,not_often,fair,9000,0,0,0,0,40,281.83,3
608,90000,delivered,1,6,0,75,15,4000,not_often,good,9000,0,0,0,0,40,273.75,5
609,40000,delivered,1,4,0,75,60,5000,often,fair,3000,0,0,0,0,50,300.83,10
610,105000,delivered,1,4,0,75,30,5000,often,good,8000,0,0,0,0,50,349.21,5
611,40000,delivered,1,4,0,75,60,4000,often,fair,3000,0,0,0,0,40,426.48,4
612,80000,delivered,1,4,0,75,30,4000,not_often,fair,7000,0,0,0,0,40,429.36,4
613,95000,delivered,1,3,0,75,40,6000,often,fair,7000,0,0,0,0,60,392.21,12
614,50000,delivered,1,4,0,75,30,5000,often,fair,4000,0,0,0,0,50,342.53,4
615,45000,delivered,1,4,0,75,40,4000,often,fair,9000,0,0,0,0,40,391.09,10
616,40000,delivered,1,4,0,75,60,6000,not_often,fair,3000,0,0,0,0,60,278.71,0
617,90000,delivered,1,6,0,75,15,4000,often,good,9000,0,0,0,0,40,212.95,5
618,45000,delivered,1,3,0,75,40,8000,often,good,7000,0,0,0,0,80,278.63,5
619,60000,delivered,1,6,0,75,15,4000,not_often,good,9000,0,0,0,0,40,323.54,4
620,45000,delivered,1,3,0,75,40,8000,not_often,fair,7000,0,0,0,0,80,421.23,8
621,45000,delivered,1,6,0,75,35,4000,often,very good,3000,0,0,0,0,40,345.01,6
622,60000,carried,1,4,0,75,30,7000,not_often,fair,7000,0,0,0,0,70,308.52,4
623,105000,delivered,1,4,0,75,15,9000,not_often,good,8000,0,0,0,0,170,401.4,8
624,55000,delivered,1,3,0,75,40,8000,often,good,7000,0,0,0,0,80,326.7,8
625,50000,delivered,1,4,0,75,30,5000,often,good,4000,0,0,0,0,50,417.54,9
626,105000,delivered,1,4,0,75,15,9000,not_often,good,9000,0,0,0,0,170,127,3
627,50000,carried,1,4,0,75,30,5000,often,fair,4000,0,0,0,0,50,36.24,1
628,70000,delivered,1,5,0,75,40,5000,often,fair,4000,0,0,0,0,50,103.09,2
629,40000,delivered,1,4,0,75,60,4000,often,fair,3000,0,0,0,0,40,189.31,6
630,80000,delivered,1,4,0,75,30,8000,not_often,good,7000,0,0,0,0,80,200.46,5
631,90000,delivered,1,6,0,75,15,9000,often,good,9000,0,0,0,0,110,175.82,5
632,100000,carried,1,3,0,75,15,9000,not_often,fair,12000,0,0,0,0,220,94.83,0
633,55000,carried,1,3,0,75,40,8000,not_often,good,7000,0,0,0,0,80,50.16,2
634,50000,carried,1,4,0,75,30,8000,not_often,good,7000,0,0,0,0,80,83.76,2
635,80000,carried,1,4,0,75,30,8000,not_often,fair,7000,0,0,0,0,80,57.94,0
636,80000,carried,1,6,0,75,15,9000,not_often,good,9000,0,0,0,0,90,131.03,1
637,80000,carried,1,3,0,75,15,9000,often,fair,11000,0,0,0,0,200,143.89,3
638,80000,carried,1,3,0,75,40,8000,not_often,fair,7000,0,0,0,0,80,167.29,6
639,80000,carried,1,4,0,75,30,8000,often,good,7000,0,0,0,0,80,124.33,2
640,80000,carried,1,5,0,75,40,5000,often,fair,4000,0,0,0,0,50,64.5,2
641,80000,carried,1,6,0,75,15,9000,not_often,fair,9000,0,0,0,0,90,23,1
642,80000,carried,1,5,0,75,40,5000,often,fair,4000,0,0,0,0,50,136.74,0
643,60000,carried,1,3,0,75,40,8000,not_often,good,7000,0,0,0,0,80,224.61,1
644,60000,delivered,1,3,0,75,40,8000,often,fair,7000,0,0,0,0,80,434.95,8
645,105000,delivered,1,6,0,75,15,9000,not_often,good,9000,0,0,0,0,90,446.16,1
646,95000,delivered,1,6,0,75,15,9000,often,good,9000,0,0,0,0,90,586.78,5
647,45000,delivered,1,3,0,75,40,8000,not_often,good,7000,0,0,0,0,80,485.49,3
648,45000,carried,1,3,0,75,40,8000,not_often,good,7000,0,0,0,0,80,137.41,0
649,50000,delivered,1,6,0,75,40,4000,not_often,fair,3000,0,0,0,0,40,207.52,1
650,105000,delivered,1,4,0,75,15,9000,often,fair,8000,0,0,0,0,170,148.22,0
651,100000,delivered,1,3,0,75,15,9000,not_often,good,12000,0,0,0,0,190,135.03,3
652,65000,delivered,1,5,0,75,15,9000,often,fair,4000,0,0,0,0,120,234.05,4
653,100000,carried,1,4,0,75,30,8000,not_often,good,7000,0,0,0,0,80,85.23,1
654,105000,carried,1,6,0,75,15,9000,often,fair,9000,0,0,0,0,90,154.39,3
655,40000,delivered,1,4,0,75,60,4000,often,fair,3000,0,0,0,0,40,254.33,7
656,80000,delivered,1,4,0,75,30,8000,often,fair,7000,0,0,0,0,80,245.8,7
657,105000,delivered,1,6,0,75,15,9000,often,fair,9000,0,0,0,0,100,254.47,5
658,65000,delivered,1,5,0,75,40,5000,often,fair,4000,0,0,0,0,50,327.07,3
659,65000,delivered,1,5,0,75,40,5000,often,good,4000,0,0,0,0,50,308.87,2
660,65000,delivered,1,5,0,75,15,9000,not_often,fair,3000,0,0,0,0,120,364.97,4
661,65000,delivered,1,6,0,75,15,9000,often,good,9000,0,0,0,0,90,382.93,4
662,65000,carried,1,4,0,75,30,5000,often,good,4000,0,0,0,0,50,339.04,2
663,65000,delivered,1,3,0,75,40,8000,often,good,7000,0,0,0,0,80,234.48,3
664,65000,delivered,1,6,0,75,15,9000,often,good,9000,0,0,0,0,90,92.02,2
665,65000,delivered,1,4,0,75,30,8000,often,fair,7000,0,0,0,0,80,156.32,3
666,100000,delivered,1,6,0,75,15,9000,not_often,good,9000,0,0,0,0,90,71.17,1
667,55000,delivered,1,6,0,75,15,9000,not_often,good,9000,0,0,0,0,100,155.79,8
668,100000,delivered,1,6,0,75,15,9000,often,good,9000,0,0,0,0,100,89.84,3
669,75000,delivered,1,4,0,75,30,8000,often,fair,7000,0,0,0,0,80,137.75,4
670,80000,delivered,1,4,0,75,30,8000,often,good,7000,0,0,0,0,80,180.25,4
671,105000,delivered,1,6,0,75,15,9000,not_often,good,9000,0,0,0,0,90,259.33,8
672,95000,delivered,1,6,0,75,15,9000,not_often,fair,9000,0,0,0,0,100,336.03,9
673,75000,delivered,1,4,0,75,30,8000,not_often,fair,7000,0,0,0,0,80,106.98,0
674,40000,delivered,1,4,0,75,60,4000,not_often,fair,3000,0,0,0,0,40,211.48,6
675,70000,delivered,1,6,0,75,15,9000,often,fair,9000,0,0,0,0,100,322.91,13
676,40000,delivered,1,4,0,75,60,4000,often,fair,3000,0,0,0,0,40,297.43,4
677,70000,delivered,1,5,0,75,40,5000,often,good,4000,0,0,0,0,50,375.95,6
678,105000,delivered,1,6,0,75,15,9000,not_often,good,9000,0,0,0,0,90,252.17,3
679,50000,delivered,1,4,0,75,30,5000,not_often,good,4000,0,0,0,0,50,406.12,8
680,65000,delivered,1,5,0,75,30,5000,often,fair,4000,0,0,0,0,50,418.08,8
681,95000,delivered,1,6,0,75,15,9000,not_often,fair,9000,0,0,0,0,90,378.08,13
682,40000,delivered,1,3,0,75,40,8000,not_often,fair,7000,0,0,0,0,80,388.6,5
683,70000,delivered,1,5,0,75,40,5000,often,good,4000,0,0,0,0,50,644.24,3
684,70000,delivered,1,6,0,75,15,9000,not_often,good,9000,0,0,0,0,90,619.08,0
685,70000,delivered,1,6,0,75,35,6000,not_often,fair,9000,0,0,0,0,60,421.46,5
686,70000,delivered,1,6,0,75,15,9000,not_often,good,9000,0,0,0,0,90,538.35,4
687,70000,delivered,1,6,0,75,15,9000,not_often,good,9000,0,0,0,0,100,531.98,9
688,70000,delivered,1,4,0,75,15,9000,often,good,9000,0,0,0,0,120,616.76,6
689,70000,delivered,1,5,0,75,40,5000,often,good,4000,0,0,0,0,50,736.77,1
690,45000,delivered,1,3,0,75,40,8000,not_often,fair,7000,0,0,0,0,80,640.86,15
691,50000,delivered,1,4,0,75,30,5000,not_often,good,4000,0,0,0,0,50,401.31,15
692,100000,delivered,1,3,0,75,15,9000,often,good,12000,0,0,0,0,180,434.63,8
693,40000,delivered,1,4,0,75,60,4000,not_often,good,3000,0,0,0,0,40,393.39,11
694,70000,delivered,1,5,0,75,40,5000,often,fair,4000,0,0,0,0,50,428.78,9
695,50000,delivered,1,4,0,75,40,6000,often,good,9000,0,0,0,0,60,416.48,7
696,50000,delivered,1,4,0,75,30,5000,not_often,fair,4000,0,0,0,0,50,482.9,13
697,50000,delivered,1,4,0,75,30,5000,not_often,good,4000,0,0,0,0,50,515.38,16
698,45000,delivered,1,3,0,75,40,8000,not_often,fair,7000,0,0,0,0,80,644.1,16
699,105000,delivered,3,3,0,75,15,9000,not_often,good,11000,0,0,0,0,180,560.29,14
700,85000,delivered,1,6,0,75,15,9000,often,good,9000,0,0,0,0,100,507.99,10
701,65000,carried,1,5,0,75,40,5000,often,fair,4000,0,0,0,0,50,39.96,1
702,60000,carried,1,3,0,75,40,8000,not_often,fair,7000,0,0,0,0,80,84.58,2
703,60000,delivered,1,4,0,75,30,8000,often,fair,7000,0,0,0,0,80,130.18,2
704,60000,carried,1,5,0,75,40,4000,not_often,fair,3000,0,0,0,0,40,108.71,2
705,60000,carried,1,6,0,75,15,9000,often,good,9000,0,0,0,0,100,53.85,5
706,60000,carried,1,4,0,75,30,5000,often,good,4000,0,0,0,0,50,105.65,9
707,60000,delivered,1,4,0,75,30,5000,not_often,fair,4000,0,0,0,0,50,162.2,12
708,60000,delivered,1,3,0,75,40,8000,often,good,7000,0,0,0,0,80,86.03,2
709,85000,delivered,1,6,0,75,15,9000,not_often,good,9000,0,0,0,0,100,171.35,7
710,55000,delivered,1,6,0,75,15,9000,often,good,9000,0,0,0,0,100,173.42,4
711,100000,delivered,1,6,0,75,15,9000,often,fair,9000,0,0,0,0,100,194.1,2
712,60000,delivered,1,3,0,75,40,8000,not_often,fair,7000,0,0,0,0,80,241.66,7
713,90000,delivered,1,6,0,75,15,9000,not_often,good,9000,0,0,0,1,100,279.87,9
714,60000,delivered,1,3,0,75,30,8000,not_often,good,7000,0,0,0,0,80,194,5
715,105000,delivered,1,6,0,75,15,9000,often,fair,9000,0,0,0,0,90,258.7,8
716,55000,carried,1,6,0,75,15,9000,often,good,9000,0,0,0,0,90,189.74,5
717,90000,carried,1,6,0,75,15,9000,not_often,fair,9000,0,0,0,0,90,80.6,1
718,40000,carried,1,3,0,75,40,8000,often,fair,7000,0,0,0,0,80,35.13,1
719,45000,carried,1,3,0,75,40,8000,not_often,good,7000,0,0,0,0,80,110.32,1
720,45000,carried,1,6,0,75,15,9000,not_often,fair,9000,0,0,0,0,90,115.52,1
721,45000,carried,1,4,0,75,30,8000,often,good,7000,0,0,0,0,80,165.68,4
722,45000,carried,1,4,0,75,60,4000,often,good,3000,0,0,0,0,40,263.22,2
723,45000,carried,1,4,0,75,15,9000,not_often,good,9000,0,0,0,0,140,312.29,4
724,45000,carried,1,6,0,75,15,6000,not_often,good,9000,0,0,0,0,60,249.01,2
725,55000,carried,1,3,0,75,60,6000,often,good,7000,0,0,0,0,60,259.12,3
726,70000,carried,1,5,0,75,40,5000,often,good,4000,0,0,0,0,50,200.08,4
727,75000,carried,1,4,0,75,30,5000,not_often,good,4000,0,0,0,0,50,150.44,7
728,60000,carried,1,3,0,75,40,8000,not_often,good,7000,0,0,0,0,80,78.64,5
729,70000,carried,1,5,0,75,40,5000,not_often,good,4000,0,0,0,0,50,244.14,2
730,95000,carried,1,6,0,75,15,9000,not_often,good,9000,0,0,0,0,100,269.22,0
731,95000,carried,1,4,0,75,30,8000,not_often,fair,7000,0,0,0,0,80,282.78,14
732,95000,carried,1,4,0,75,30,8000,often,good,7000,0,0,0,0,80,339.24,0
733,40000,carried,1,4,0,75,60,4000,not_often,fair,3000,0,0,0,0,40,320.98,15
734,60000,carried,1,3,0,75,40,8000,often,fair,7000,0,0,0,0,80,299.29,0
735,65000,carried,1,5,0,75,40,5000,often,fair,4000,0,0,0,0,50,300.2,8
736,40000,carried,1,4,0,75,60,4000,often,fair,3000,0,0,0,0,40,282.4,2
737,70000,carried,2,5,0,75,40,5000,often,fair,4000,0,0,0,0,50,254.61,2
738,80000,carried,1,4,0,75,30,8000,not_often,fair,7000,0,0,0,0,80,275.15,4
739,45000,carried,1,3,0,75,40,8000,often,fair,7000,0,0,0,0,80,210.09,3
740,50000,carried,1,4,0,75,30,5000,not_often,good,4000,0,0,0,0,50,217.52,5
741,105000,carried,1,4,0,75,15,9000,not_often,fair,8000,0,0,0,0,150,329.16,10
742,105000,carried,1,4,0,75,30,8000,often,fair,7000,0,0,0,0,80,251.48,2
743,105000,carried,1,3,0,75,40,8000,not_often,fair,7000,0,0,0,1,80,196.02,4
744,85000,carried,1,6,0,75,15,9000,not_often,fair,9000,0,0,0,0,100,175.97,1
745,85000,carried,1,6,0,75,15,9000,not_often,good,9000,0,0,0,0,100,208.24,1
746,85000,carried,1,6,0,75,15,9000,not_often,fair,9000,0,0,0,0,110,150.44,3
747,85000,carried,1,6,0,75,15,9000,not_often,fair,9000,0,0,0,0,100,138.22,2
748,70000,carried,1,6,0,75,15,9000,not_often,good,9000,0,0,0,0,110,246.66,1
749,70000,carried,1,4,0,75,60,4000,not_often,good,3000,0,0,0,0,40,180.4,1
750,70000,carried,1,5,0,75,40,5000,often,fair,4000,0,0,0,0,50,261.02,10
751,70000,carried,1,3,0,75,40,8000,not_often,good,7000,0,0,0,0,80,205.64,8
752,85000,carried,1,6,0,75,15,9000,not_often,fair,9000,0,0,0,0,100,222.65,1
753,95000,carried,1,3,0,75,40,8000,often,fair,7000,0,0,0,0,80,148.82,2
754,50000,carried,1,4,0,75,30,5000,often,good,4000,0,0,0,0,50,162.56,1
755,95000,carried,1,6,0,75,60,3000,often,good,9000,0,0,0,0,30,103.35,4
756,90000,carried,1,6,0,75,15,9000,not_often,good,9000,0,0,0,0,90,155.94,8
757,50000,delivered,1,4,0,75,30,5000,often,good,4000,0,0,0,0,50,116.47,4
758,95000,carried,1,5,0,75,40,5000,often,good,4000,0,0,0,0,50,113.22,3
759,80000,carried,1,4,0,75,30,8000,not_often,fair,7000,0,0,0,0,80,89.55,1
760,100000,carried,1,4,0,75,15,9000,often,fair,9000,0,0,0,0,170,114.79,2
761,100000,carried,1,3,0,75,40,8000,not_often,fair,7000,0,0,0,0,80,159.67,2
762,50000,carried,1,4,0,75,30,5000,not_often,fair,4000,0,0,0,0,50,81.34,0
763,85000,carried,1,6,0,75,35,6000,often,good,9000,0,0,0,0,60,52.63,1
764,70000,carried,1,5,0,75,40,5000,not_often,very good,4000,0,0,0,0,50,40.61,0
765,70000,carried,1,4,0,75,30,8000,not_often,fair,7000,0,0,0,0,80,84.6,5
766,70000,carried,1,6,0,75,15,9000,often,fair,9000,0,0,0,0,90,105.91,6
767,70000,carried,1,4,0,75,30,8000,often,fair,7000,0,0,0,0,80,156.04,7
768,45000,carried,1,6,0,75,40,4000,not_often,fair,3000,0,0,0,0,40,167.72,4
769,65000,carried,1,5,0,75,30,5000,not_often,good,4000,0,0,0,0,50,60.78,1
770,95000,carried,1,6,0,75,15,9000,not_often,fair,9000,0,0,0,0,100,118.36,1
771,45000,carried,1,5,0,75,40,4000,often,fair,3000,0,0,0,0,40,91.92,2
772,90000,delivered,1,3,0,75,40,8000,not_often,good,7000,0,0,0,0,80,111.83,7
773,45000,delivered,1,6,0,75,15,9000,not_often,fair,9000,0,0,0,0,110,84.58,1
774,60000,delivered,1,4,0,75,40,6000,often,fair,9000,0,0,0,0,60,126.04,3
775,75000,carried,1,4,0,75,30,8000,often,good,7000,0,0,0,0,80,130,7
776,80000,carried,1,4,0,75,30,8000,not_often,fair,7000,0,0,0,0,80,26.4,1
777,75000,delivered,1,4,0,75,30,8000,not_often,good,7000,0,0,0,0,80,65.07,7
778,70000,carried,1,5,0,75,40,5000,not_often,good,4000,0,0,0,0,50,45.22,4
779,65000,carried,1,5,0,75,40,5000,not_often,good,4000,0,0,0,0,50,149.01,2
780,50000,carried,1,6,0,75,15,9000,often,good,9000,0,0,0,0,100,189.69,14
781,40000,delivered,1,4,0,75,60,4000,not_often,good,3000,0,0,0,0,40,92.72,2
782,90000,delivered,1,4,0,75,15,9000,often,good,8000,0,0,0,0,140,83.2,3
783,65000,carried,1,5,0,75,40,5000,often,fair,4000,0,0,0,0,50,134.63,7
784,95000,carried,1,5,0,75,40,4000,not_often,fair,3000,0,0,0,0,40,174.87,4
785,90000,delivered,1,6,0,75,15,9000,often,good,9000,0,0,0,0,100,147.41,4
786,90000,carried,1,4,0,75,60,4000,not_often,good,3000,0,0,0,0,40,10.05,1
787,90000,carried,1,6,0,75,15,9000,often,fair,9000,0,0,0,0,90,51.01,1
788,90000,carried,1,6,0,75,15,9000,not_often,good,9000,0,0,0,0,90,97.35,1
789,90000,delivered,1,4,0,75,40,6000,often,good,9000,0,0,0,0,60,113.16,0
790,90000,delivered,1,4,0,75,60,4000,often,good,3000,0,0,0,0,40,144.26,1
791,40000,carried,1,4,0,75,60,4000,not_often,fair,3000,0,0,0,0,40,146.7,3
792,90000,carried,1,6,0,75,15,9000,not_often,fair,9000,0,0,0,0,100,35.74,2
793,95000,delivered,1,6,0,75,15,9000,often,good,9000,0,0,0,0,100,40.8,2
794,55000,carried,1,3,0,75,40,8000,often,good,7000,0,0,0,0,80,73.41,3
795,60000,delivered,1,5,0,75,40,5000,often,good,4000,0,0,0,0,50,111.36,3
796,75000,delivered,1,4,0,75,30,8000,not_often,fair,7000,0,0,0,0,80,34.13,1
797,50000,carried,1,4,0,75,30,5000,often,good,4000,0,0,0,0,50,64.03,1
798,80000,delivered,1,4,0,75,30,8000,not_often,good,7000,0,0,0,0,80,86.21,1
799,40000,delivered,1,5,0,75,40,5000,not_often,fair,4000,0,0,0,0,50,92.27,4
800,40000,delivered,1,4,0,75,60,4000,not_often,fair,3000,0,0,0,0,40,106.78,3
801,95000,delivered,1,6,0,75,15,9000,often,good,9000,0,0,0,0,100,205.64,5
802,55000,delivered,1,3,0,75,40,8000,not_often,good,7000,0,0,0,0,80,296.2,8
803,75000,delivered,1,4,0,75,30,8000,often,fair,7000,0,0,0,0,80,325.53,7
804,45000,delivered,1,3,0,75,40,8000,not_often,fair,7000,0,0,0,0,80,310.64,6
805,75000,delivered,1,4,0,75,30,8000,often,fair,7000,0,0,0,0,80,254.26,5
806,85000,delivered,1,3,0,75,40,8000,often,good,7000,0,0,0,0,80,255.38,8
807,65000,delivered,1,5,0,75,15,9000,not_often,good,4000,0,0,0,0,110,262.15,7
808,65000,delivered,1,5,0,75,40,5000,not_often,good,4000,0,0,0,0,50,171.29,3
809,65000,delivered,1,4,0,75,30,8000,not_often,good,7000,0,0,0,0,80,200.86,6
810,65000,delivered,1,4,0,75,30,8000,not_often,fair,7000,0,0,0,0,80,104.24,4
811,65000,delivered,1,3,0,75,40,8000,often,good,7000,0,0,0,0,80,170.66,4
812,75000,delivered,1,4,0,75,30,8000,not_often,good,7000,0,0,0,0,80,45.49,1
813,105000,carried,1,5,0,75,15,9000,not_often,good,4000,0,0,0,0,120,112.22,1
814,70000,delivered,1,5,0,75,40,5000,often,good,4000,0,0,0,0,50,104.62,2
815,95000,delivered,1,6,0,75,15,9000,not_often,fair,9000,0,0,0,1,90,164.08,2
816,65000,delivered,1,5,0,75,40,5000,often,good,4000,0,0,0,0,50,176.85,7
817,55000,delivered,1,3,0,75,40,8000,often,fair,7000,0,0,0,0,80,99.46,5
818,65000,delivered,1,5,0,75,40,5000,not_often,fair,4000,0,0,0,0,50,223.52,7
819,85000,delivered,1,6,0,75,15,9000,often,fair,9000,0,0,0,0,90,260.76,5
820,50000,delivered,1,4,0,75,55,5000,not_often,good,4000,0,0,0,0,50,277.42,4
821,105000,delivered,1,5,0,75,40,5000,often,fair,4000,0,0,0,0,50,202.94,4
822,95000,delivered,1,6,0,75,15,9000,not_often,good,9000,0,0,0,0,100,126.62,4
823,80000,delivered,1,4,0,75,30,8000,often,good,7000,0,0,0,0,80,60.96,0
824,80000,carried,1,4,0,75,30,8000,not_often,fair,7000,0,0,0,0,80,89.68,5
825,95000,delivered,1,6,0,75,15,9000,often,good,9000,0,0,0,0,100,151.43,4
826,70000,delivered,1,5,0,75,40,5000,often,fair,8500,0,0,0,0,50,100.09,0
827,50000,carried,1,4,0,75,55,5000,often,fair,5000,0,0,0,0,50,43.17,1
828,80000,delivered,1,6,0,75,15,9000,not_often,good,10000,0,0,0,0,90,131.14,0
829,105000,delivered,1,4,0,75,15,9000,not_often,fair,9000,0,0,0,0,150,180.94,4
830,70000,carried,1,5,0,75,40,5000,often,fair,8500,0,0,0,0,50,132.26,1
831,80000,delivered,1,4,0,75,30,8000,not_often,good,7500,0,0,0,0,80,205.3,2
832,45000,delivered,2,3,0,75,40,8000,often,good,5000,0,0,0,0,80,239.78,12
833,45000,delivered,1,3,0,75,40,8000,not_often,good,5500,0,0,0,0,80,169,12
834,80000,carried,1,3,0,75,40,8000,often,fair,5500,0,0,0,1,80,38.83,0
835,85000,delivered,1,6,0,75,15,9000,not_often,fair,9000,0,0,0,0,90,88.24,1
836,45000,delivered,1,3,0,75,40,8000,often,fair,5500,0,0,0,0,80,166.37,3
837,105000,delivered,1,3,0,75,15,9000,not_often,good,9000,0,0,0,0,200,202.81,5
838,50000,delivered,1,4,0,75,55,5000,often,good,5000,0,0,0,0,50,253.16,4
839,50000,delivered,1,4,0,75,55,5000,often,fair,5000,0,0,0,0,50,322.1,3
840,55000,delivered,1,3,0,75,35,8000,not_often,fair,5500,0,0,0,0,80,237.89,0
841,55000,delivered,1,3,0,75,40,8000,not_often,good,5500,0,0,0,0,80,132.85,0
842,65000,carried,1,5,0,75,40,5000,often,good,8500,0,0,0,0,50,283.73,4
843,80000,carried,1,3,0,75,40,8000,often,good,5500,0,0,0,0,80,268.2,8
844,50000,carried,1,4,0,75,55,5000,often,good,5000,0,0,0,0,50,234.4,5
845,50000,carried,1,4,0,75,55,5000,often,good,5000,0,0,0,0,50,255.34,9
846,45000,carried,1,3,0,75,40,8000,often,fair,5500,0,0,0,0,80,245.6,2
847,105000,delivered,1,3,0,75,30,9000,often,fair,9000,0,0,0,0,120,278.26,7
848,105000,delivered,1,6,0,75,15,9000,not_often,good,10000,0,0,0,0,100,158.45,8
849,65000,delivered,1,5,0,75,40,5000,not_often,good,8500,0,0,0,0,50,60.27,6
850,100000,delivered,1,6,0,75,15,9000,often,fair,10000,0,0,0,0,90,268.88,2
851,100000,delivered,1,4,0,75,60,4000,not_often,fair,3500,0,0,0,0,40,367.14,1
852,100000,delivered,1,4,0,75,60,4000,not_often,fair,3500,0,0,0,0,40,322.61,1
853,100000,delivered,1,3,0,75,40,8000,not_often,fair,5500,0,0,0,0,80,276.59,1
854,90000,delivered,1,6,0,75,15,9000,often,good,9000,0,0,0,0,90,193.02,3
855,50000,carried,1,5,0,75,55,5000,not_often,good,8500,0,0,0,0,50,170.06,7
856,70000,delivered,1,5,0,75,40,5000,not_often,good,8500,0,0,0,0,50,92.42,3
857,55000,carried,1,3,0,75,40,8000,often,good,5500,0,0,0,0,80,217.86,6
858,55000,delivered,1,6,0,75,15,9000,often,good,10000,0,0,0,0,90,208.2,3
859,105000,delivered,1,6,0,75,15,6000,often,good,9000,0,0,0,0,60,354.35,0
860,90000,delivered,1,6,0,75,15,6000,often,good,9000,0,0,0,0,60,340.07,9
861,85000,delivered,1,3,0,75,40,8000,not_often,fair,5500,0,0,0,0,80,259.7,7
862,65000,carried,1,5,0,75,40,5000,not_often,fair,8500,0,0,0,0,50,257.74,6
863,65000,carried,1,5,0,75,40,5000,not_often,good,8500,0,0,0,0,50,174.89,4
864,45000,delivered,1,3,0,75,40,8000,not_often,fair,5500,0,0,0,0,80,308.3,5
865,60000,delivered,1,3,0,75,40,8000,often,fair,5500,0,0,0,0,80,274.15,10
866,60000,delivered,1,3,0,75,40,8000,often,good,5500,0,0,0,0,80,212.48,5
867,105000,carried,1,3,0,75,40,8000,not_often,fair,5000,0,0,0,0,80,117.28,4
868,100000,carried,1,6,0,75,15,9000,not_often,fair,10000,0,0,0,0,110,37.64,2
869,65000,delivered,1,5,0,75,40,5000,often,good,8500,0,0,0,0,50,95.52,1
870,90000,delivered,1,6,0,75,15,9000,often,good,9000,0,0,0,0,100,169.1,2
871,90000,delivered,1,5,0,75,40,5000,often,good,8500,0,0,0,0,50,278,7
872,90000,delivered,1,3,0,75,15,9000,not_often,fair,9000,0,0,0,0,200,254.75,4
873,90000,delivered,1,4,0,75,30,8000,often,fair,7500,0,0,0,0,80,346.9,5
874,90000,delivered,1,4,0,75,55,5000,not_often,fair,5000,0,0,0,0,50,417,9
875,50000,delivered,1,4,0,75,55,5000,often,good,5000,0,0,0,0,50,405.19,12
876,90000,delivered,1,6,0,75,15,9000,not_often,good,9000,0,0,0,0,110,413.7,6
877,40000,delivered,1,4,0,75,60,4000,not_often,fair,3500,0,0,0,0,40,349.95,6
878,80000,delivered,1,4,0,75,30,8000,not_often,good,7500,0,0,0,0,80,202.08,4
879,50000,delivered,1,4,0,75,55,5000,not_often,fair,5000,0,0,0,0,50,294.33,5
880,60000,delivered,1,3,0,75,40,8000,not_often,fair,4500,0,0,0,0,80,424.84,3
881,105000,delivered,1,3,0,75,15,9000,often,good,9000,0,0,0,0,190,52.4,0
882,55000,carried,1,3,0,75,15,9000,often,fair,5500,0,0,0,0,200,196.73,1
883,75000,carried,1,5,0,75,40,5000,not_often,good,8500,0,0,0,0,50,278.23,0
884,70000,carried,1,5,0,75,40,5000,not_often,fair,8500,0,0,0,0,50,171.01,7
885,70000,carried,1,5,0,75,40,5000,often,good,8500,0,0,0,0,50,102.96,7
886,60000,carried,1,3,0,75,40,8000,not_often,good,5500,0,0,0,0,80,91.55,1
887,50000,carried,1,4,0,75,55,5000,often,fair,5000,0,0,0,0,50,98.68,2
888,50000,carried,1,4,0,75,55,5000,often,fair,5000,0,0,0,0,50,258.05,1
889,95000,carried,1,6,0,75,15,9000,often,good,9000,0,0,0,0,110,187.95,1
890,60000,delivered,1,4,0,75,30,8000,not_often,good,7500,0,0,0,0,80,227.38,6
891,100000,delivered,1,4,0,75,15,9000,not_often,fair,10000,0,0,0,1,150,167.24,3
892,100000,carried,1,6,0,75,15,9000,not_often,good,9000,0,0,0,0,100,190.38,5
893,100000,delivered,1,6,0,75,15,9000,often,good,9000,0,0,0,0,90,88.57,4
894,100000,carried,1,6,0,75,35,6000,not_often,fair,9000,0,0,0,0,60,60.77,0
895,100000,delivered,1,3,0,75,40,8000,often,good,5500,0,0,0,0,80,200.83,8
896,100000,delivered,1,6,0,75,15,9000,often,fair,9000,0,0,0,0,90,205.06,8
897,40000,delivered,1,6,0,75,15,9000,often,fair,9000,0,0,0,0,100,158.38,7
898,100000,carried,1,3,0,75,15,9000,not_often,good,10000,0,0,0,0,220,150.12,5
899,40000,carried,1,4,0,75,60,4000,not_often,good,3500,0,0,0,0,40,38.08,0
900,105000,carried,1,6,0,75,15,9000,not_often,good,9000,0,0,0,0,110,103.58,2
901,100000,carried,1,3,0,75,15,9000,often,good,10000,0,0,0,0,200,312.75,9
902,105000,carried,1,6,0,75,15,9000,often,good,9000,0,0,0,0,90,236.03,0
903,45000,delivered,1,3,0,75,40,8000,not_often,fair,5500,0,0,0,0,80,278.79,0
904,105000,delivered,1,5,0,75,40,5000,not_often,good,8500,0,0,0,0,50,166.71,0
905,40000,delivered,1,4,0,75,60,4000,not_often,fair,3500,0,0,0,0,40,227.27,2
906,75000,delivered,1,4,0,75,30,8000,often,good,7500,0,0,0,0,80,281.37,7
907,40000,delivered,1,4,0,75,60,4000,often,good,2500,0,0,0,0,40,279.51,5
908,70000,delivered,2,5,0,75,40,5000,often,good,8500,0,0,0,0,50,156.26,8
909,45000,delivered,1,3,0,75,40,8000,often,good,5500,0,0,0,0,80,244.44,2
910,85000,delivered,1,6,0,75,15,9000,not_often,good,9000,0,0,0,0,110,317.65,5
911,65000,delivered,1,5,0,75,40,5000,not_often,fair,8500,0,0,0,0,50,317.83,12
912,65000,delivered,1,5,0,75,40,5000,often,fair,8500,0,0,0,0,50,343.01,12
913,75000,delivered,2,4,0,75,30,8000,often,fair,7500,0,0,0,0,80,394.97,9
914,90000,delivered,1,6,0,75,15,9000,often,good,10000,0,0,0,0,100,324.3,7
915,90000,well,1,6,0,75,15,9000,often,good,9000,0,0,0,0,100,343.83,9
916,90000,delivered,1,4,0,75,30,8000,not_often,fair,7500,0,0,0,0,80,349.26,6
917,90000,delivered,1,4,0,75,15,9000,not_often,good,10000,0,0,0,0,150,375.37,10
918,90000,carried,1,6,0,75,15,9000,often,fair,9000,0,0,0,0,100,90.67,8
919,90000,carried,1,3,0,75,40,8000,often,good,5500,0,0,0,0,80,149.16,5
920,75000,carried,1,4,0,75,30,8000,often,good,7500,0,0,0,0,80,119,9
921,100000,delivered,1,4,0,75,15,9000,not_often,fair,10000,0,0,0,0,170,223.45,10
922,70000,delivered,1,5,0,75,40,5000,often,fair,8500,0,0,0,0,50,247,2
923,95000,carried,1,6,0,75,15,9000,not_often,very good,9000,0,0,0,0,100,111.14,1
924,60000,delivered,1,3,0,75,35,8000,not_often,fair,5500,0,0,0,0,80,163.23,2
925,70000,delivered,1,6,0,75,15,9000,often,fair,10000,0,0,0,0,90,159.89,3
926,75000,delivered,1,4,0,75,30,8000,not_often,good,7500,0,0,0,0,80,281.17,9
927,80000,carried,2,4,0,75,30,8000,often,good,7500,0,0,0,0,80,81.27,1
928,75000,delivered,1,4,0,75,30,8000,often,fair,7500,0,0,0,0,80,199.46,6
929,105000,delivered,1,3,0,75,15,9000,not_often,good,9000,0,0,0,0,200,149.69,4
930,45000,delivered,1,3,0,75,40,8000,often,good,5500,0,0,0,0,80,223.37,5
931,45000,delivered,1,6,0,75,55,3000,often,good,9000,0,0,0,0,30,295.1,6
932,45000,delivered,1,4,0,75,60,4000,often,good,3500,0,0,0,0,40,336.15,15
933,45000,delivered,1,4,0,75,15,9000,not_often,fair,10000,0,0,0,0,150,320.33,13
934,45000,delivered,1,4,0,75,30,8000,not_often,good,7500,0,0,0,0,80,272.39,3
935,50000,delivered,1,4,0,75,55,4000,often,fair,5000,0,0,0,0,40,256.01,14
936,75000,delivered,1,4,0,75,30,8000,not_often,good,7500,0,0,0,0,80,188.49,6
937,80000,delivered,1,6,0,75,15,9000,often,fair,9000,0,0,0,0,110,109.07,3
938,105000,carried,1,3,0,75,60,6000,often,good,9000,0,0,0,0,60,144.25,0
939,75000,delivered,1,4,0,75,30,8000,not_often,good,7500,0,0,0,0,80,63.81,1
940,90000,carried,1,6,0,75,15,9000,often,fair,9000,0,0,0,0,100,67.54,1
941,85000,carried,1,6,0,75,15,9000,not_often,fair,10000,0,0,0,0,110,38.83,1
942,45000,delivered,1,3,0,75,40,8000,not_often,fair,5500,0,0,0,0,80,96.02,3
943,100000,carried,1,3,0,75,40,8000,not_often,fair,5500,0,0,0,0,80,188.74,16
944,50000,carried,1,4,0,75,55,4000,often,good,5000,0,0,0,0,40,146.25,6
945,65000,delivered,1,5,0,75,40,5000,not_often,fair,8500,0,0,0,0,50,179.51,2
946,75000,delivered,1,4,0,75,30,8000,often,fair,7500,0,0,0,0,80,139.04,1
947,75000,delivered,1,4,0,75,30,8000,not_often,good,7500,0,0,0,0,80,243.4,10
948,75000,carried,1,4,0,75,30,8000,not_often,fair,7500,0,0,0,0,80,71.03,0
949,75000,delivered,1,6,0,75,15,9000,not_often,good,9000,0,0,0,0,100,115.97,3
950,75000,delivered,1,4,0,75,60,4000,often,fair,3500,0,0,0,0,40,187,12
951,75000,delivered,1,3,0,75,40,8000,not_often,good,5500,0,0,0,0,80,107.84,7
952,40000,delivered,1,4,0,75,60,4000,not_often,fair,3000,0,0,0,0,40,131.32,5
953,55000,delivered,1,3,0,75,40,8000,often,fair,5500,0,0,0,0,80,201.23,6
954,100000,delivered,1,4,0,75,25,9000,not_often,good,10000,0,0,0,0,100,214.7,11
955,45000,delivered,1,3,0,75,40,8000,often,good,5500,0,0,0,0,80,272.03,17
956,45000,delivered,1,6,0,75,25,6000,often,fair,10000,0,0,0,0,60,419.31,26
957,40000,delivered,1,4,0,75,60,4000,often,good,3500,0,0,0,0,40,405.05,27
958,55000,delivered,1,3,0,75,40,8000,not_often,very good,5500,0,0,0,0,80,792.91,37
959,95000,delivered,1,6,0,75,25,6000,often,good,9000,0,0,0,0,60,648.04,25
960,50000,delivered,1,4,0,75,55,4000,not_often,good,5000,0,0,0,0,40,569.08,25
961,60000,delivered,1,3,0,75,40,8000,not_often,good,5500,0,0,0,0,80,494.01,19
962,60000,delivered,1,6,0,75,25,6000,not_often,good,9000,0,0,0,0,60,465.7,19
963,85000,delivered,1,6,0,75,25,6000,often,good,9000,0,0,0,0,60,611.74,23
964,105000,delivered,1,3,0,75,40,9000,often,fair,8500,0,0,0,0,90,730.95,30
965,85000,delivered,1,6,0,75,25,6000,often,fair,9000,0,0,0,0,60,644.66,33
966,50000,delivered,1,4,0,75,55,4000,not_often,fair,5000,0,0,0,0,40,475.62,24
967,100000,delivered,1,4,0,75,30,8000,not_often,good,7500,0,0,0,1,80,576.34,29
968,65000,delivered,1,5,0,75,40,5000,often,good,8500,0,0,0,0,50,472.02,22
969,65000,delivered,1,6,0,75,25,6000,not_often,good,9000,0,0,0,0,60,390.23,26
970,65000,delivered,2,6,0,75,25,6000,not_often,fair,9000,0,0,0,0,60,328.87,26
971,65000,delivered,1,4,0,75,35,5000,often,good,5000,0,0,0,0,50,241.15,11
972,65000,delivered,1,4,0,75,55,4000,not_often,fair,5000,0,0,0,0,40,141.82,1
973,105000,carried,1,3,0,75,25,9000,often,fair,9000,0,0,0,0,120,68.88,1
974,105000,delivered,1,4,0,75,25,9000,not_often,good,9000,0,0,0,0,90,129.6,3
975,95000,delivered,1,5,0,75,40,5000,not_often,good,8500,0,0,0,0,50,256.73,22
976,60000,delivered,1,3,0,75,40,8000,often,fair,5500,0,0,0,0,80,320.25,21
977,85000,carried,1,6,0,75,20,6000,not_often,good,9000,0,0,0,0,60,99.92,7
978,100000,delivered,1,6,0,75,20,6000,not_often,good,10000,0,0,0,0,60,349.89,6
979,70000,delivered,1,5,0,75,40,5000,not_often,fair,8500,0,0,0,0,50,562.47,9
980,50000,delivered,1,4,0,75,40,5000,often,fair,5000,0,0,0,0,50,711.4,6
981,85000,delivered,1,6,0,75,25,6000,not_often,fair,9000,0,0,0,0,60,678.28,13
982,80000,delivered,1,4,0,75,30,8000,not_often,good,7500,0,0,0,0,80,801.24,21
983,80000,delivered,1,5,0,75,40,5000,often,good,8500,0,0,0,0,50,848.38,3
984,80000,delivered,1,6,0,75,25,6000,often,good,9000,0,0,0,0,60,777.41,12
985,80000,delivered,1,3,0,75,40,8000,not_often,good,5500,0,0,0,0,80,867.16,10
986,85000,delivered,1,6,0,75,25,6000,not_often,fair,9000,0,0,0,0,60,818.21,12
987,55000,delivered,1,3,0,75,40,8000,not_often,good,5500,0,0,0,0,80,888.79,18
988,55000,delivered,1,4,0,75,30,8000,not_often,fair,7500,0,0,0,0,80,738.36,5
989,60000,delivered,1,6,0,75,25,6000,often,fair,9000,0,0,0,0,60,675.67,8
990,90000,delivered,1,6,0,75,25,6000,often,good,9000,0,0,0,0,60,636.03,1
991,45000,delivered,1,3,0,75,40,8000,not_often,fair,5500,0,0,0,0,80,581.61,1
992,45000,delivered,1,3,0,75,40,8000,not_often,fair,5500,0,0,0,0,80,504.73,7
993,45000,delivered,1,3,0,75,25,9000,often,good,10000,0,0,0,0,130,554.22,1
994,45000,delivered,1,4,0,75,60,4000,not_often,fair,3500,0,0,0,0,40,476.18,3
995,45000,delivered,1,6,0,75,25,6000,not_often,fair,9000,0,0,0,0,60,419.65,0
996,45000,delivered,1,5,0,75,40,5000,not_often,good,8500,0,0,0,0,50,572.07,12
997,45000,delivered,1,6,0,75,25,6000,not_often,fair,9000,0,0,0,0,60,479.15,4
998,105000,delivered,1,4,0,75,25,9000,often,good,9000,0,0,0,0,90,353.14,5
999,95000,delivered,1,6,0,75,25,6000,often,good,9000,0,0,0,0,60,542.37,10
1000,50000,delivered,1,4,0,75,55,5000,not_often,good,5000,0,0,0,0,50,349.41,7
1001,60000,delivered,1,3,0,75,40,8000,not_often,fair,5500,0,0,0,0,80,89.81,1
1002,55000,delivered,1,6,0,75,25,6000,not_often,fair,10000,0,0,0,0,60,127.12,3
1003,40000,delivered,1,4,0,75,60,4000,often,fair,3500,0,0,0,0,40,155.24,1
1004,40000,delivered,1,4,0,75,60,4000,not_often,good,2000,0,0,0,0,40,230.2,6
1005,105000,delivered,1,6,0,75,20,8000,often,good,9000,0,0,0,0,80,190.37,10
1006,85000,well,1,6,0,75,20,2000,not_often,poor,2000,0,0,0,0,90,195.8,3
1007,100000,delivered,1,4,0,75,20,9000,often,good,10000,0,0,0,0,130,190.34,9
1008,100000,delivered,2,6,0,75,20,8000,not_often,good,10000,0,0,0,0,80,113.44,14
1009,85000,delivered,1,6,0,75,40,6000,not_often,fair,9000,0,0,0,0,60,186.42,2
1010,105000,delivered,1,6,0,75,20,9000,not_often,good,9000,0,0,0,0,90,82.46,2
1011,50000,delivered,1,4,0,75,55,4000,not_often,good,5000,0,0,0,0,40,156.71,6
1012,60000,delivered,1,3,0,75,40,8000,often,fair,5500,0,0,0,0,80,218.08,8
1013,105000,carried,1,6,0,75,20,8000,not_often,fair,9000,0,0,0,0,80,166.4,4
1014,95000,carried,1,6,0,75,20,9000,not_often,fair,9000,0,0,0,0,90,133.65,1
1015,85000,carried,1,6,0,75,20,8000,often,very good,9000,0,0,0,0,80,107.87,3
1016,100000,carried,1,6,0,75,20,9000,often,fair,10000,0,0,0,0,90,78.26,3
1017,75000,delivered,1,4,0,75,30,8000,not_often,good,7500,0,0,0,0,80,124.53,7
1018,90000,carried,1,6,0,75,20,9000,not_often,fair,9000,0,0,0,0,90,127.53,4
1019,45000,delivered,1,3,0,75,40,8000,not_often,fair,5500,0,0,0,0,80,156.59,12
1020,65000,carried,1,5,0,75,20,9000,not_often,fair,8500,0,0,0,0,110,81.02,3
1021,65000,carried,1,5,0,75,40,5000,not_often,good,8500,0,0,0,0,50,47.01,3
1022,85000,delivered,1,6,0,75,20,8000,often,fair,9000,0,0,0,0,80,77.16,3
1023,105000,carried,1,6,0,75,20,9000,not_often,fair,9000,0,0,0,0,100,86,0
1024,50000,carried,1,4,0,75,55,5000,often,fair,5000,0,0,0,1,50,170.11,10
1025,50000,carried,1,6,0,75,20,9000,not_often,fair,10000,0,0,0,0,100,104.81,6
1026,50000,delivered,1,4,0,75,60,4000,often,good,3500,0,0,0,0,40,79.16,3
1027,50000,delivered,2,4,0,75,55,5000,often,fair,5000,0,0,0,0,50,158.86,15
1028,70000,carried,1,5,0,75,40,5000,not_often,good,8500,0,0,0,0,50,113.6,5
1029,100000,delivered,1,6,0,75,20,6000,not_often,good,10000,0,0,0,0,60,69.66,1
1030,100000,delivered,1,6,0,75,20,6000,often,good,10000,0,0,0,0,60,141.43,2
1031,40000,carried,1,4,0,75,60,4000,often,fair,3500,0,0,0,0,40,133.6,3
1032,55000,carried,1,3,0,75,40,8000,not_often,fair,5500,0,0,0,0,80,182.92,9
1033,40000,carried,1,4,0,75,60,4000,often,good,2000,0,0,0,0,40,138.5,11
1034,40000,delivered,1,3,0,75,40,8000,not_often,good,5500,0,0,0,0,80,76.58,1
1035,40000,delivered,1,3,0,75,40,8000,not_often,good,5500,0,0,0,0,80,46.62,0
1036,45000,carried,1,3,0,75,40,8000,often,good,5500,0,0,0,0,80,114.34,3
1037,75000,delivered,1,4,0,75,30,8000,often,good,7500,0,0,0,0,80,49.48,0
1038,55000,delivered,1,3,0,75,40,8000,not_often,fair,5500,0,0,0,0,80,143.54,7
1039,50000,delivered,1,4,0,75,55,5000,often,fair,5000,0,0,0,0,50,85.01,3
1040,60000,delivered,1,3,0,75,40,8000,often,fair,5500,0,0,0,0,80,156.01,9
1041,45000,delivered,1,3,0,75,40,8000,not_often,good,5500,0,0,0,0,80,101.91,5
1042,60000,delivered,1,3,0,75,40,8000,not_often,good,5500,0,0,0,0,80,92.89,4
1043,80000,delivered,1,4,0,75,30,8000,not_often,good,7500,0,0,0,0,80,44.65,0
1044,55000,carried,1,3,0,75,40,8000,not_often,fair,5500,0,0,0,0,80,105.8,0
1045,70000,carried,1,5,0,75,40,5000,not_often,good,8500,0,0,0,0,50,60.31,11
1046,65000,delivered,3,5,0,75,40,5000,not_often,good,8500,0,0,0,0,50,107.28,4
1047,95000,delivered,1,6,0,75,20,6000,often,good,9000,0,0,0,0,60,157.54,1
1048,70000,delivered,1,5,0,75,40,5000,often,fair,8500,0,0,0,0,50,200.01,4
1049,105000,delivered,1,3,0,75,20,9000,not_often,good,9000,0,0,0,0,120,236.08,4
1050,105000,delivered,1,4,0,75,35,9000,not_often,good,9000,0,0,0,0,90,222,1
1051,60000,delivered,1,3,0,75,40,8000,often,fair,5500,0,0,0,0,80,286.5,7
1052,95000,delivered,1,6,0,75,20,6000,not_often,good,9000,0,0,0,0,60,285.95,1
1053,90000,delivered,1,6,0,75,20,6000,often,good,9000,0,0,0,0,60,162.56,5
1054,95000,carried,1,6,0,75,20,6000,not_often,fair,9000,0,0,0,0,60,256.56,6
1055,95000,carried,1,6,0,75,20,6000,not_often,good,9000,0,0,0,0,60,171.09,5
1056,100000,delivered,1,6,0,75,20,6000,not_often,good,10000,0,0,0,0,60,150.36,0
1057,40000,delivered,1,4,0,75,60,4000,often,good,3500,0,0,0,0,40,249.83,2
1058,45000,delivered,1,3,0,75,40,8000,often,good,5500,0,0,0,0,80,325.07,5
1059,70000,carried,1,5,0,75,40,5000,often,fair,8500,0,0,0,0,50,319.27,1
1060,70000,carried,1,5,0,75,40,5000,not_often,good,8500,0,0,0,0,50,259.12,0
1061,80000,carried,1,4,0,75,30,8000,often,good,7500,0,0,0,0,80,179.64,1
1062,50000,delivered,1,4,0,75,35,5000,often,fair,5000,0,0,0,0,50,277.14,1
1063,75000,delivered,1,4,0,75,30,8000,often,fair,7500,0,0,0,0,80,159.81,1
1064,55000,delivered,1,3,0,75,40,8000,not_often,fair,5500,0,0,0,0,80,127.14,1
1065,75000,delivered,1,4,0,75,30,8000,often,fair,7500,0,0,0,0,80,48.85,0
1066,75000,carried,1,4,0,75,30,8000,not_often,fair,7500,0,0,0,0,80,101.08,2
1067,75000,delivered,1,6,0,75,20,6000,not_often,fair,9000,0,0,0,0,60,176.51,1
1068,75000,delivered,1,4,0,75,30,8000,not_often,fair,7500,0,0,0,0,80,204.13,0
1069,60000,delivered,1,3,0,75,40,8000,often,good,5500,0,0,0,0,80,281.04,1
1070,90000,delivered,1,6,0,75,20,6000,not_often,good,9000,0,0,0,0,60,252.24,2
1071,100000,delivered,1,4,0,75,20,9000,not_often,fair,10000,0,0,0,0,100,264.37,3
1072,90000,carried,1,6,0,75,20,6000,not_often,fair,9000,0,0,0,0,60,192.21,4
1073,70000,carried,1,5,0,75,40,5000,often,fair,8500,0,0,0,0,50,125.26,0
1074,60000,delivered,1,3,0,75,40,8000,not_often,fair,5500,0,0,0,0,80,129.4,2
1075,85000,carried,1,6,0,75,20,6000,often,good,9000,0,0,0,0,60,65.86,0
1076,85000,delivered,1,3,0,75,40,8000,often,fair,5500,0,0,0,0,80,148,2
1077,85000,carried,1,4,0,75,50,4000,often,fair,5000,0,0,0,0,40,99.73,1
1078,85000,delivered,1,5,0,75,40,5000,often,fair,8500,0,0,0,0,50,66.21,1
1079,85000,delivered,1,4,0,75,60,4000,often,good,3500,0,0,0,0,40,70.18,1
1080,70000,delivered,1,5,0,75,40,5000,often,fair,8500,0,0,0,0,50,124.91,8
1081,40000,delivered,1,4,0,75,60,4000,often,good,3500,0,0,0,0,40,64.47,4
1082,95000,delivered,1,6,0,75,20,6000,not_often,fair,9000,0,0,0,0,60,39.6,5
1083,105000,delivered,1,6,0,75,20,6000,not_often,good,9000,0,0,0,0,60,88.46,2
1084,105000,carried,2,6,0,75,20,6000,not_often,good,9000,0,0,0,0,60,121.49,2
1085,90000,delivered,1,6,0,75,20,6000,not_often,fair,9000,0,0,0,0,60,160.1,11
1086,55000,carried,1,3,0,75,40,8000,not_often,good,5500,0,0,0,0,80,154.95,1
1087,80000,carried,1,4,0,75,30,8000,not_often,fair,7500,0,0,0,0,80,63.29,1
1088,80000,delivered,1,4,0,75,50,5000,not_often,good,5000,0,0,0,0,50,53.71,5
1089,80000,delivered,1,3,0,75,40,8000,not_often,fair,5500,0,0,0,0,80,95.34,7
1090,80000,delivered,2,6,0,75,20,6000,often,fair,10000,0,0,0,0,60,66.07,2
1091,80000,carried,1,6,0,75,20,6000,often,good,9000,0,0,0,0,60,71.01,1
1092,50000,delivered,1,4,0,75,35,5000,often,fair,5000,0,0,0,0,50,87.6,1
1093,90000,carried,1,6,0,75,20,6000,often,fair,9000,0,0,0,0,60,134.66,2
1094,40000,delivered,1,4,0,75,60,4000,often,fair,3500,0,0,0,0,40,94.43,2
1095,90000,carried,1,6,0,75,20,6000,often,fair,9000,0,0,0,0,60,12.04,0
1096,90000,carried,1,4,0,75,30,8000,not_often,good,7500,0,0,0,0,80,19.1,2
1097,90000,carried,1,3,0,75,40,8000,not_often,good,5500,0,0,0,0,80,82.46,1
1098,90000,delivered,2,4,0,75,50,4000,often,good,5000,0,0,0,0,40,63.89,1
1099,90000,carried,1,6,0,75,20,6000,often,good,9000,0,0,0,0,60,72.12,2
1100,90000,carried,1,3,0,75,40,8000,not_often,fair,5500,0,0,0,0,80,124.47,2
1101,55000,delivered,2,3,0,75,40,8000,not_often,good,5500,0,0,0,0,80,248.58,7
1102,105000,delivered,1,6,0,75,50,2000,not_often,fair,9000,0,0,0,0,20,225.62,4
1103,100000,delivered,1,6,0,75,20,6000,not_often,good,10000,0,0,0,0,60,200.39,9
1104,40000,delivered,1,4,0,75,60,4000,not_often,good,3500,0,0,0,0,40,149.91,4
1105,70000,delivered,1,5,0,75,40,5000,not_often,good,8500,0,0,0,0,50,144.8,7
1106,85000,carried,1,6,0,75,20,6000,often,good,9000,0,0,0,0,60,82.13,4
1107,50000,delivered,2,4,0,75,50,4000,not_often,very good,5000,0,0,0,0,40,117.2,0
1108,40000,carried,1,4,0,75,60,4000,not_often,good,3500,0,0,0,0,40,101.65,4
1109,70000,carried,1,5,0,75,40,5000,often,fair,8500,0,0,0,0,50,110,3
1110,75000,delivered,1,4,0,75,30,8000,often,fair,7500,0,0,0,0,80,30.41,3
1111,85000,delivered,1,6,0,75,20,6000,often,fair,9000,0,0,0,0,60,43.17,4
1112,60000,delivered,2,3,0,75,40,8000,often,fair,5500,0,0,0,0,80,82.57,6
1113,60000,carried,1,3,0,75,20,8000,not_often,fair,5500,0,0,0,0,80,58.82,1
1114,60000,carried,1,4,0,75,50,5000,often,good,5000,0,0,0,0,50,60.5,5
1115,60000,carried,1,6,0,75,20,6000,often,fair,9000,0,0,0,0,60,122.87,4
1116,60000,delivered,2,6,0,75,50,2000,not_often,good,9000,0,0,0,0,20,170.88,4
1117,50000,delivered,1,4,0,75,50,4000,often,good,5000,0,0,0,0,40,175.32,3
1118,40000,carried,1,4,0,75,60,4000,often,fair,3000,0,0,0,0,40,108.81,2
1119,40000,delivered,1,4,0,75,60,4000,not_often,good,3500,0,0,0,0,40,204.69,5
1120,40000,borehole,1,4,0,75,60,4000,often,fair,3500,0,0,0,0,40,166.03,2
1121,60000,carried,1,3,0,75,40,8000,not_often,good,5500,0,0,0,0,80,217.22,4
1122,75000,delivered,2,4,0,75,30,8000,often,good,7500,0,0,0,0,80,276.16,2
1123,75000,delivered,1,4,0,75,30,8000,often,good,7500,0,0,0,0,80,223.89,3
1124,75000,delivered,1,3,0,75,40,8000,often,fair,5500,0,0,0,0,80,330.22,13
1125,105000,delivered,1,6,0,75,50,3000,not_often,good,9000,0,0,0,0,30,281.44,2
1126,70000,delivered,1,5,0,75,40,5000,not_often,good,8500,0,0,0,0,50,210.21,1
1127,80000,delivered,2,4,0,75,30,8000,often,good,7500,0,0,0,0,80,347.48,0
1128,65000,delivered,1,5,0,75,40,5000,often,fair,8500,0,0,0,0,50,370.11,8
1129,80000,delivered,1,4,0,75,30,8000,often,good,7500,0,0,0,0,80,274.48,3
1130,50000,delivered,1,4,0,75,50,5000,not_often,fair,5000,0,0,0,0,50,134.18,3
1131,80000,delivered,1,4,0,75,30,8000,not_often,fair,7500,0,0,0,0,80,104.79,3
1132,40000,delivered,1,4,0,75,50,4000,often,fair,2000,0,0,0,0,40,24.17,1
1133,80000,delivered,3,4,0,75,30,8000,often,fair,7500,0,0,0,0,80,136.57,2
1134,90000,delivered,1,6,0,75,20,9000,often,fair,9000,0,0,0,0,100,219.02,1
1135,100000,delivered,1,6,0,75,20,9000,often,good,10000,0,0,0,0,110,277.71,5
1136,100000,delivered,1,6,0,75,20,9000,not_often,good,10000,0,0,0,0,110,283.71,5
1137,100000,delivered,1,6,0,75,50,2000,often,fair,9000,0,0,0,0,20,422.49,10
1138,100000,delivered,1,4,0,75,30,8000,often,good,7500,0,0,0,1,80,432.14,12
1139,60000,delivered,1,3,0,75,40,8000,not_often,good,5500,0,0,0,0,80,143.74,1
1140,105000,delivered,1,6,0,75,20,9000,often,good,9000,0,0,0,0,110,225.25,0
1141,100000,delivered,1,6,0,75,20,9000,not_often,good,10000,0,0,0,0,110,134.01,2
1142,85000,carried,1,6,0,75,20,9000,not_often,good,9000,0,0,0,0,90,100.69,2
1143,75000,delivered,1,4,0,75,30,8000,not_often,fair,7500,0,0,0,0,80,221.11,4
1144,75000,delivered,2,4,0,75,50,4000,often,good,5000,0,0,0,0,40,462.49,15
1145,75000,delivered,1,4,0,75,30,8000,often,fair,7500,0,0,0,0,80,374.97,1
1146,75000,delivered,1,3,0,75,40,8000,often,good,5500,0,0,0,0,80,401.78,5
1147,70000,delivered,1,5,0,75,40,5000,often,good,8500,0,0,0,0,50,392.76,10
1148,75000,delivered,1,4,0,75,35,8000,often,good,7500,0,0,0,0,80,298.38,6
1149,55000,delivered,1,3,0,75,40,8000,often,good,5500,0,0,0,0,80,273.59,5
1150,90000,delivered,1,6,0,75,15,9000,not_often,good,9000,0,0,0,0,110,99.14,4
1151,40000,delivered,1,4,0,75,60,4000,not_often,fair,3500,0,0,0,0,40,30.81,1
1152,40000,delivered,1,4,0,75,45,4000,often,fair,3500,0,0,0,0,40,191.67,7
1153,75000,delivered,1,4,0,75,30,8000,often,fair,7500,0,0,0,0,80,142.59,3
1154,105000,carried,1,6,0,75,15,9000,often,fair,9000,0,0,0,0,90,63.2,1
1155,105000,delivered,1,6,0,75,50,6000,not_often,fair,9000,0,0,0,0,60,110.28,2
1156,105000,delivered,2,3,0,75,40,8000,not_often,fair,5500,0,0,0,0,80,158.9,3
1157,105000,delivered,1,4,0,75,60,4000,often,good,2000,0,0,0,0,40,297.2,7
1158,105000,carried,1,6,0,75,15,9000,often,fair,9000,0,0,0,0,110,32.89,2
1159,65000,carried,1,5,0,75,40,5000,not_often,good,8500,0,0,0,0,50,147.27,6
1160,65000,delivered,1,5,0,75,40,5000,not_often,fair,8500,0,0,0,0,50,88.64,3
1161,90000,delivered,1,6,0,75,15,9000,not_often,fair,9000,0,0,0,0,110,173.22,4
1162,90000,delivered,1,6,0,75,15,9000,often,good,9000,0,0,0,0,100,112.93,0
1163,90000,delivered,1,6,0,75,15,9000,often,good,9000,0,0,0,0,100,216.12,4
1164,90000,delivered,1,3,0,75,40,8000,often,good,5500,0,0,0,0,80,273.34,4
1165,90000,delivered,1,4,0,75,30,8000,often,fair,7500,0,0,0,0,80,228.18,7
1166,90000,delivered,1,3,0,75,40,8000,not_often,good,5500,0,0,0,0,80,354.73,8
1167,80000,carried,1,4,0,75,30,8000,often,good,7500,0,0,0,0,80,34.06,1
1168,100000,delivered,1,6,0,75,50,2000,not_often,fair,10000,0,0,0,0,20,44.42,3
1169,100000,carried,1,6,0,75,15,9000,not_often,good,10000,0,0,0,0,100,85.09,2
1170,55000,delivered,2,3,0,75,40,8000,often,good,5000,0,0,0,0,80,60.34,0
1171,60000,delivered,2,3,0,75,40,8000,often,fair,5500,0,0,0,0,80,170.84,1
1172,75000,carried,1,4,0,75,30,8000,often,fair,7500,0,0,0,0,80,36.07,1
1173,80000,carried,1,4,0,75,30,8000,often,fair,7500,0,0,0,0,80,51.11,3
1174,80000,carried,1,5,0,75,40,5000,not_often,fair,8500,0,0,0,0,50,33.24,2
1175,80000,delivered,1,4,0,75,50,4000,often,good,4500,0,0,0,0,40,106.79,1
1176,80000,delivered,1,6,0,75,60,2000,often,fair,9000,0,0,0,0,20,173.18,4
1177,80000,delivered,1,4,0,75,30,8000,not_often,fair,7500,0,0,0,0,80,137.3,0
1178,80000,delivered,1,3,0,75,40,8000,often,fair,5500,0,0,0,0,80,200.8,4
1179,75000,delivered,1,4,0,75,50,4000,not_often,good,7500,0,0,0,0,40,155.54,0
1180,50000,delivered,1,4,0,75,50,4000,not_often,good,5000,0,0,0,0,40,189.91,1
1181,65000,delivered,1,5,0,75,40,5000,often,fair,8500,0,0,0,0,50,185.53,1
1182,45000,delivered,1,5,0,75,15,9000,often,fair,5000,0,0,0,0,120,254.1,2
1183,45000,carried,1,3,0,75,40,8000,not_often,fair,5500,0,0,0,0,80,75.58,3
1184,85000,delivered,2,6,0,75,15,9000,often,fair,9000,0,0,0,0,100,109.86,3
1185,50000,delivered,1,4,0,75,50,4000,not_often,poor,5000,0,0,0,0,40,177.79,0
1186,100000,delivered,2,6,0,75,20,6000,often,good,10000,0,0,0,0,60,165,2
1187,100000,delivered,2,4,0,75,30,8000,often,fair,7500,0,0,0,0,80,224.51,5
1188,100000,delivered,2,6,0,75,20,9000,not_often,good,9000,0,0,0,0,100,207.48,5
1189,100000,delivered,2,4,0,75,30,8000,often,fair,7500,0,0,0,0,80,128.13,4
1190,100000,delivered,2,5,0,75,40,5000,often,fair,8500,0,0,0,0,50,118.15,7
1191,100000,delivered,1,5,0,75,40,5000,often,good,8500,0,0,0,0,50,65.73,0
1192,100000,carried,1,4,0,75,30,8000,not_often,good,7500,0,0,0,0,80,91.39,2
1193,100000,delivered,1,4,0,75,20,9000,not_often,fair,2500,0,0,0,0,150,112.29,5
1194,45000,well,1,5,0,75,40,1000,often,fair,1000,0,0,0,0,50,173.97,1
1195,45000,delivered,1,6,0,75,40,4000,not_often,good,5500,0,0,0,0,40,222.1,1
1196,70000,delivered,1,5,0,75,50,3000,often,fair,8500,0,0,0,0,30,155.08,2
1197,90000,carried,1,6,0,75,20,9000,not_often,fair,9000,0,0,0,0,100,86.58,5
1198,65000,carried,2,5,0,75,40,5000,often,fair,8500,0,0,0,0,50,87.48,0
1199,105000,delivered,1,6,0,75,20,9000,not_often,good,9000,0,0,0,0,100,70.6,2
1200,100000,carried,1,6,0,75,50,2000,not_often,good,10000,0,0,0,0,20,144.62,2
1201,200000,borehole,4,6,0,75,5,9000,often,good,9000,1,1,1,2,110,0,0
1202,250000,borehole,3,4,0,75,5,9000,not_often,fair,9000,1,1,1,1,150,0,0
1203,300000,borehole,4,8,0,75,5,6000,not_often,good,9000,1,1,1,1,60,0,0
1204,350000,waterboard,3,5,0,75,5,9000,not_often,fair,9000,1,1,1,1,100,0,0
1205,400000,waterboard,2,4,0,75,5,9000,not_often,good,6000,1,1,1,1,200,0,0
1206,450000,borehole,4,8,0,75,10,7000,not_often,good,6000,1,1,1,1,70,0,0
1207,200000,waterboard,2,4,0,75,5,9000,not_often,good,6000,1,1,1,2,170,0,0
1208,250000,delivered,3,6,0,75,15,9000,often,good,6000,1,1,0,1,100,0,0
1209,300000,waterboard,3,6,0,75,10,9000,not_often,very good,9000,1,1,1,1,120,0,0
1210,350000,waterboard,4,6,0,75,10,9000,not_often,good,9000,1,1,1,1,130,0,0
1211,250000,waterboard,4,6,0,75,10,9000,often,fair,9000,1,1,1,1,110,0,0
1212,300000,waterboard,3,6,0,75,10,9000,often,fair,9000,1,1,1,1,100,0,0
1213,350000,borehole,4,8,0,75,5,7000,often,fair,9000,1,1,1,0,70,0,0
1214,400000,waterboard,3,5,0,75,10,9000,often,fair,9000,1,1,1,1,120,0,0
1215,450000,delivered,2,4,0,75,15,9000,not_often,fair,6000,1,1,1,1,150,0,0
1216,200000,waterboard,4,3,0,75,5,9000,often,good,6000,1,1,1,1,200,0,0
1217,450000,waterboard,4,5,0,75,5,9000,often,fair,6000,1,1,1,1,140,0,0
1218,200000,waterboard,3,4,0,75,5,9000,not_often,good,6000,0,0,0,0,150,0,0
1219,250000,waterboard,4,8,0,75,5,9000,often,good,9000,1,1,1,1,90,0,0
1220,300000,borehole,3,4,0,75,10,9000,often,fair,9000,1,1,1,3,200,0,0
1221,350000,waterboard,2,6,0,75,5,9000,not_often,good,9000,1,1,0,1,110,0,0
1222,250000,delivered,4,7,0,75,5,8000,often,fair,9000,1,1,0,1,80,0,0
1223,300000,waterboard,4,8,0,75,5,6000,not_often,good,9000,1,1,1,2,60,0,0
1224,300000,waterboard,3,6,0,75,5,8000,often,good,9000,1,1,1,1,80,0,0
1225,350000,waterboard,4,7,0,75,5,9000,often,good,6000,1,1,1,1,110,0,0
1226,250000,waterboard,3,8,0,75,5,7000,often,fair,6000,0,0,0,0,70,0,0
1227,300000,borehole,2,5,0,75,5,9000,not_often,good,6000,1,1,1,1,140,0,0
1228,350000,waterboard,4,4,0,75,10,9000,not_often,good,6000,1,1,1,1,170,0,0
1229,400000,delivered,3,4,0,75,10,9000,often,good,9000,1,1,1,1,170,0,0
1230,450000,waterboard,4,4,0,75,10,9000,often,fair,9000,1,1,1,1,170,0,0
1231,450000,waterboard,3,4,0,75,10,9000,often,good,9000,1,1,1,1,170,0,0
1232,200000,delivered,2,8,0,75,10,7000,not_often,fair,9000,0,0,0,0,70,0,0
1233,250000,waterboard,4,4,0,75,10,9000,not_often,fair,9000,1,1,1,1,120,0,0
1234,300000,waterboard,2,6,0,75,10,8000,often,fair,9000,1,1,0,2,80,0,0
1235,350000,borehole,3,7,0,75,5,9000,often,fair,6000,1,1,0,1,110,0,0
1236,250000,waterboard,3,8,0,75,5,9000,often,fair,6000,1,1,1,1,100,0,0
1237,300000,delivered,NA,6,0,75,15,9000,often,good,6000,1,1,1,1,130,0,0
1238,350000,waterboard,4,7,0,75,10,9000,not_often,good,6000,0,0,0,0,110,0,0
1239,400000,waterboard,3,8,0,75,10,8000,often,fair,9000,1,1,1,1,80,0,0
1240,450000,waterboard,4,5,0,75,10,9000,often,good,9000,1,1,1,1,140,0,0
1241,450000,waterboard,3,5,0,75,10,9000,not_often,good,9000,1,1,1,1,140,0,0
1242,250000,borehole,2,5,0,75,5,9000,often,good,9000,1,1,1,1,140,0,0
1243,300000,waterboard,4,5,0,75,5,9000,not_often,good,9000,1,1,1,1,120,0,0
1244,350000,delivered,4,5,0,75,25,9000,not_often,good,9000,1,1,1,1,100,0,0
1245,250000,waterboard,3,5,0,75,5,9000,not_often,fair,6000,1,1,1,2,100,0,0
1246,300000,waterboard,4,4,0,75,5,9000,often,good,6000,1,1,1,1,200,0,0
1247,350000,borehole,3,6,0,75,10,9000,often,fair,6000,1,1,1,1,130,0,0
1248,300000,borehole,2,7,0,75,10,9000,often,good,6000,1,1,0,1,110,0,0
1249,350000,borehole,4,8,0,75,10,9000,often,good,9000,0,0,0,0,100,0,0
1250,400000,waterboard,4,6,0,75,5,9000,often,good,9000,1,1,1,1,130,0,0
1251,450000,waterboard,3,7,0,75,5,9000,often,good,9000,1,1,1,1,110,0,0
1252,450000,borehole,4,8,0,75,5,8000,not_often,good,9000,1,1,1,1,80,0,0
1253,200000,waterboard,3,5,0,75,5,9000,not_often,fair,9000,0,0,0,0,120,0,0
1254,250000,delivered,4,4,0,75,25,9000,often,fair,9000,1,1,1,1,120,0,0
1255,300000,waterboard,3,3,0,75,5,9000,often,fair,6000,1,1,1,1,160,0,0
1256,350000,waterboard,4,5,0,75,5,9000,often,fair,6000,1,1,1,1,160,0,0
1257,250000,borehole,3,4,0,75,10,9000,not_often,fair,6000,1,1,1,1,150,0,0
1258,300000,borehole,2,8,0,75,5,7000,not_often,fair,6000,1,1,1,1,70,0,0
1259,350000,borehole,4,4,0,75,5,9000,often,good,9000,1,1,1,1,150,0,0
1260,400000,waterboard,2,6,0,75,5,9000,often,fair,9000,1,1,1,1,100,0,0
1261,450000,waterboard,3,7,0,75,5,9000,not_often,good,9000,1,1,1,1,110,0,0
1262,450000,borehole,3,8,0,75,5,9000,not_often,fair,9000,1,1,1,1,100,0,0
1263,250000,waterboard,4,5,0,75,10,9000,not_often,fair,9000,1,1,0,1,140,0,0
1264,300000,delivered,4,4,0,75,25,9000,often,good,9000,1,1,1,1,150,0,0
1265,350000,waterboard,3,8,0,75,5,6000,often,good,6000,1,1,1,1,60,0,0
1266,250000,waterboard,4,4,0,75,5,9000,often,good,6000,1,1,1,1,120,0,0
1267,300000,borehole,3,6,0,75,5,9000,often,fair,6000,1,1,0,1,130,0,0
1268,350000,borehole,2,7,0,75,5,8000,not_often,good,6000,1,1,1,1,80,0,0
1269,400000,borehole,4,8,0,75,5,8000,often,good,9000,1,1,1,1,80,0,0
1270,450000,waterboard,4,6,0,75,10,9000,not_often,fair,9000,0,0,0,0,100,0,0
1271,200000,waterboard,3,5,0,75,10,9000,not_often,good,9000,1,1,1,1,150,0,0
1272,450000,borehole,4,4,0,75,10,9000,often,good,9000,1,1,1,1,180,0,0
1273,200000,waterboard,3,8,0,75,10,9000,often,fair,9000,1,1,0,1,90,0,0
1274,250000,delivered,2,4,0,75,20,9000,often,fair,9000,1,1,1,1,180,0,0
1275,300000,waterboard,4,6,0,75,5,8000,often,fair,6000,1,1,0,3,80,0,0
1276,350000,waterboard,2,7,0,75,5,7000,not_often,fair,6000,1,1,1,1,70,0,0
1277,250000,borehole,3,8,0,75,5,9000,often,good,6000,1,1,1,1,100,0,0
1278,300000,borehole,3,6,0,75,5,9000,often,fair,6000,1,1,1,1,100,0,0
1279,300000,borehole,NA,7,0,75,5,9000,not_often,fair,9000,1,1,1,1,100,0,0
1280,300000,waterboard,4,5,0,75,5,9000,often,fair,9000,0,0,0,0,140,0,0
1281,350000,waterboard,3,4,0,75,5,9000,not_often,good,9000,1,1,1,1,170,0,0
1282,400000,borehole,4,8,0,75,5,8000,not_often,good,9000,1,1,1,1,80,0,0
1283,450000,waterboard,3,4,0,75,5,9000,often,fair,9000,1,1,1,1,170,0,0
1284,450000,delivered,4,6,0,75,25,9000,often,fair,9000,1,1,1,1,100,0,0
1285,200000,waterboard,3,7,0,75,5,7000,not_often,fair,6000,1,1,0,1,70,0,0
1286,250000,waterboard,4,8,0,75,5,6000,often,fair,6000,1,1,0,1,60,0,0
1287,300000,borehole,3,6,0,75,5,9000,not_often,fair,6000,1,1,1,1,130,0,0
1288,350000,borehole,2,7,0,75,5,8000,often,good,6000,1,1,1,1,80,0,0
1289,250000,borehole,4,5,0,75,5,9000,often,fair,9000,1,1,1,1,140,0,0
1290,300000,waterboard,NA,4,0,75,5,9000,not_often,good,9000,0,0,1,0,170,0,0
1291,350000,waterboard,3,8,0,75,5,8000,often,fair,9000,1,1,1,1,80,0,0
1292,400000,borehole,4,4,0,75,5,9000,often,fair,9000,1,1,0,1,170,0,0
1293,450000,waterboard,3,6,0,75,5,9000,often,good,9000,1,1,1,1,110,0,0
1294,450000,delivered,2,7,0,75,20,8000,not_often,good,9000,1,1,0,0,80,0,0
1295,250000,waterboard,4,8,0,75,10,6000,not_often,fair,6000,1,1,1,1,60,0,0
1296,300000,waterboard,2,6,0,75,10,8000,often,fair,6000,1,1,1,2,80,0,0
1297,250000,waterboard,3,7,0,75,10,7000,not_often,good,6000,1,1,1,1,70,0,0
1298,300000,waterboard,NA,8,0,75,5,6000,often,fair,6000,1,1,1,3,60,0,0
1299,350000,waterboard,4,5,0,75,5,9000,not_often,fair,9000,1,1,1,1,140,0,0
1300,400000,waterboard,4,4,0,75,5,9000,often,fair,9000,1,1,1,1,150,0,0
